<?xml version="1.0" encoding="utf-8"?>
<clockskin>
	<drawable>
		<name>grund.png</name>
	</drawable>
	<drawable>
		<name>spirale1.png</name>
		<rotate>3</rotate>
		<centerX>-570</centerX>
		<centerY>570</centerY>
		<mulrotate>3</mulrotate>
	</drawable>
	<drawable>
		<name>sec.xml</name>
		<arraytype>9</arraytype>
		<centerX>-200</centerX>
	</drawable>
	<drawable>
		<name>vorn.xml</name>
		<arraytype>9</arraytype>
		<centerX>200</centerX>
	</drawable>
	<drawable>
		<name>desi_bl.png</name>
	</drawable>
	<drawable>
		<name>std_dunkel.png</name>
		<rotate>1</rotate>
	</drawable>
	<drawable>
		<name>min_dunkel.png</name>
		<rotate>2</rotate>
	</drawable>
	<drawable>
		<name>matrix.png</name>
	</drawable>
	<drawable>
		<name>desi.png</name>
	</drawable>
	<drawable>
		<name>bat.xml</name>
		<arraytype>14</arraytype>
	</drawable>
	<drawable>
		<name>min_hell.png</name>
		<rotate>2</rotate>
	</drawable>
	<drawable>
		<name>std_hell.png</name>
		<rotate>1</rotate>
	</drawable>
<!--COMMENTED BY ClockSkinMaker
<metadata gui='rra' version='1.4.0.0'/>
-->
</clockskin>