<?xml version="1.0" encoding="utf-8"?>
<clockskin>
	<drawable>
		<name>image1.png</name>
	</drawable>
	<drawable>
		<name>image2.png</name>
		<rotate>3</rotate>
		<centerY>-90</centerY>
		<mulrotate>1</mulrotate>
	</drawable>
	<drawable>
		<name>image3.png</name>
		<rotate>6</rotate>
		<centerX>-90</centerX>
		<mulrotate>2</mulrotate>
	</drawable>
	<drawable>
		<name>image4.png</name>
		<rotate>5</rotate>
		<centerX>90</centerX>
		<mulrotate>1</mulrotate>
	</drawable>
	<drawable>
		<name>digital1.xml</name>
		<arraytype>14</arraytype>
		<centerX>-83</centerX>
	</drawable>
	<drawable>
		<name>digital2.xml</name>
		<arraytype>4</arraytype>
		<centerX>90</centerX>
	</drawable>
	<drawable>
		<name>digital3.xml</name>
		<arraytype>6</arraytype>
		<centerX>-60</centerX>
		<centerY>113</centerY>
	</drawable>
	<drawable>
		<name>digital4.xml</name>
		<arraytype>9</arraytype>
		<centerX>19</centerX>
		<centerY>117</centerY>
	</drawable>
	<drawable>
		<name>digital5.xml</name>
		<arraytype>3</arraytype>
		<centerX>83</centerX>
		<centerY>117</centerY>
	</drawable>
	<drawable>
		<name>image5.png</name>
	</drawable>
	<drawable>
		<name>image6.png</name>
		<rotate>1</rotate>
		<centerX>2</centerX>
		<centerY>3</centerY>
		<mulrotate>1</mulrotate>
	</drawable>
	<drawable>
		<name>image7.png</name>
		<rotate>1</rotate>
		<mulrotate>1</mulrotate>
	</drawable>
	<drawable>
		<name>image8.png</name>
		<rotate>2</rotate>
		<centerX>4</centerX>
		<centerY>4</centerY>
		<mulrotate>1</mulrotate>
	</drawable>
	<drawable>
		<name>image9.png</name>
		<rotate>2</rotate>
		<mulrotate>1</mulrotate>
	</drawable>
	<drawable>
		<name>image10.png</name>
	</drawable>
<!--COMMENTED BY ClockSkinMaker
<metadata gui='rra' version='1.5.0.0'/>
-->
</clockskin>