<?xml version="1.0" encoding="utf-8"?>
<drawables>
	<image>batt_level_num_0.png</image>
	<image>batt_level_num_1.png</image>
	<image>batt_level_num_2.png</image>
	<image>batt_level_num_3.png</image>
	<image>batt_level_num_4.png</image>
	<image>batt_level_num_5.png</image>
	<image>batt_level_num_6.png</image>
	<image>batt_level_num_7.png</image>
	<image>batt_level_num_8.png</image>
	<image>batt_level_num_9.png</image>
	<image>batt_level_none.png</image>
<!--COMMENTED BY ClockSkinMaker
<metadata gui='rra' version='1.4.8.0' type='array_arc_battery' forecolor='00FF80' autoscale='1' font='Roboto Condensed' fontstyle='Regular' fontsize='0,2630588'>
<content>0</content>
<content>1</content>
<content>2</content>
<content>3</content>
<content>4</content>
<content>5</content>
<content>6</content>
<content>7</content>
<content>8</content>
<content>9</content>
<content forecolor='FF8000'>EMPTY</content>
<content></content>
</metadata>
-->
</drawables>