<?xml version="1.0" encoding="utf-8"?>
<clockskin>
	<drawable>
		<name>core.png</name>
	</drawable>
	<drawable>
		<name>hourminute.xml</name>
		<arraytype>6</arraytype>
		<centerY>-134</centerY>
	</drawable>
	<drawable>
		<name>steps.xml</name>
		<arraytype>12</arraytype>
		<centerX>-5</centerX>
		<centerY>48</centerY>
	</drawable>
	<drawable>
		<name>batt_level.xml</name>
		<arraytype>17</arraytype>
		<centerX>-116</centerX>
		<centerY>-4</centerY>
	</drawable>
	<drawable>
		<name>weather_array.xml</name>
		<arraytype>10</arraytype>
		<centerX>-106</centerX>
		<centerY>122</centerY>
	</drawable>
	<drawable>
		<name>day.xml</name>
		<arraytype>5</arraytype>
		<centerX>106</centerX>
		<centerY>-4</centerY>
	</drawable>
	<drawable>
		<name>temp.xml</name>
		<arraytype>11</arraytype>
		<centerX>91</centerX>
		<centerY>122</centerY>
	</drawable>
	<drawable>
		<name>date.xml</name>
		<arraytype>2</arraytype>
		<centerX>8</centerX>
		<centerY>-58</centerY>
	</drawable>
<!--COMMENTED BY ClockSkinMaker
<metadata gui='rra' version='1.4.8.0'/>
-->
</clockskin>