<?xml version="1.0" encoding="utf-8"?>
<drawables>
	<image>day_sun.png</image>
	<image>day_mon.png</image>
	<image>day_tue.png</image>
	<image>day_wed.png</image>
	<image>day_thu.png</image>
	<image>day_fri.png</image>
	<image>day_sat.png</image>
<!--COMMENTED BY ClockSkinMaker
<metadata gui='rra' version='1.4.8.0' type='array_weekday' forecolor='00FF80' autoscale='1' font='Roboto' fontstyle='Regular' fontsize='6,280986'>
<content>SUNDAY</content>
<content>MONDAY</content>
<content>TUESDAY</content>
<content>WEDNESDAY</content>
<content>THURSDAY</content>
<content>FRIDAY</content>
<content>SATURDAY</content>
</metadata>
-->
</drawables>