<clockskin>
    <drawable>
        <name>image1.png</name>
    </drawable>
    <drawable>
        <rotate>6</rotate>
        <mulrotate>2</mulrotate>
        <centerX>-100</centerX>
        <centerY>-100</centerY>
        <name>image2.png</name>
    </drawable>
    <drawable>
        <name>image3.png</name>
    </drawable>
    <drawable>
        <rotate>6</rotate>
        <mulrotate>1</mulrotate>
        <centerX>0</centerX>
        <centerY>-100</centerY>
        <name>image2.png</name>
    </drawable>
    <drawable>
        <name>image5.png</name>
    </drawable>
    <drawable>
        <rotate>6</rotate>
        <mulrotate>-2</mulrotate>
        <centerX>100</centerX>
        <centerY>-100</centerY>
        <name>image2.png</name>
    </drawable>
    <drawable>
        <name>image7.png</name>
    </drawable>
    <drawable>
        <rotate>6</rotate>
        <mulrotate>-4</mulrotate>
        <centerX>-100</centerX>
        <centerY>100</centerY>
        <name>image2.png</name>
    </drawable>
    <drawable>
        <name>image9.png</name>
    </drawable>
    <drawable>
        <rotate>6</rotate>
        <mulrotate>-2</mulrotate>
        <centerX>0</centerX>
        <centerY>100</centerY>
        <name>image10.png</name>
    </drawable>
    <drawable>
        <rotate>6</rotate>
        <mulrotate>-2</mulrotate>
        <centerX>0</centerX>
        <centerY>100</centerY>
        <name>image11.png</name>
    </drawable>
    <drawable>
        <name>image12.png</name>
    </drawable>
    <drawable>
        <rotate>6</rotate>
        <mulrotate>1</mulrotate>
        <centerX>0</centerX>
        <centerY>100</centerY>
        <name>image13.png</name>
    </drawable>
    <drawable>
        <rotate>6</rotate>
        <mulrotate>-2</mulrotate>
        <centerX>0</centerX>
        <centerY>100</centerY>
        <name>image14.png</name>
    </drawable>
    <drawable>
        <rotate>6</rotate>
        <mulrotate>-2</mulrotate>
        <centerX>0</centerX>
        <centerY>100</centerY>
        <name>image15.png</name>
    </drawable>
    <drawable>
        <name>image16.png</name>
    </drawable>
    <drawable>
        <rotate>6</rotate>
        <mulrotate>-2</mulrotate>
        <centerX>100</centerX>
        <centerY>100</centerY>
        <name>image10.png</name>
    </drawable>
    <drawable>
        <rotate>6</rotate>
        <mulrotate>-2</mulrotate>
        <centerX>100</centerX>
        <centerY>100</centerY>
        <name>image11.png</name>
    </drawable>
    <drawable>
        <name>image19.png</name>
    </drawable>
    <drawable>
        <rotate>6</rotate>
        <mulrotate>1</mulrotate>
        <centerX>100</centerX>
        <centerY>100</centerY>
        <name>image13.png</name>
    </drawable>
    <drawable>
        <rotate>6</rotate>
        <mulrotate>-2</mulrotate>
        <centerX>100</centerX>
        <centerY>100</centerY>
        <name>image21.png</name>
    </drawable>
    <drawable>
        <rotate>6</rotate>
        <mulrotate>-2</mulrotate>
        <centerX>100</centerX>
        <centerY>100</centerY>
        <name>image22.png</name>
    </drawable>
    <drawable>
        <name>image23.png</name>
    </drawable>
</clockskin>
