<clockskin>
    <drawable>
        <name>image1.png</name>
    </drawable>
    <drawable>
        <name>image2.png</name>
        <rotate>3</rotate>
        <direction>2</direction>
        <mulrotate>5</mulrotate>
    </drawable>
    <drawable>
        <name>image3.png</name>
        <rotate>3</rotate>
        <direction>2</direction>
        <mulrotate>5</mulrotate>
    </drawable>
    <drawable>
        <name>image4.png</name>
    </drawable>
    <drawable>
        <name>image5.png</name>
        <rotate>3</rotate>
        <mulrotate>1</mulrotate>
        <centerX>-58</centerX>
        <centerY>-88</centerY>
    </drawable>
    <drawable>
        <name>image6.png</name>
        <rotate>3</rotate>
        <direction>2</direction>
        <mulrotate>-36</mulrotate>
        <centerX>-72</centerX>
        <centerY>0</centerY>
    </drawable>
    <drawable>
        <name>image7.png</name>
        <rotate>3</rotate>
        <direction>2</direction>
        <mulrotate>1</mulrotate>
    </drawable>
    <drawable>
        <name>image8.png</name>
        <rotate>3</rotate>
        <direction>2</direction>
        <mulrotate>1</mulrotate>
        <centerX>39</centerX>
        <centerY>-90</centerY>
    </drawable>
    <drawable>
        <name>image9.png</name>
        <rotate>3</rotate>
        <direction>2</direction>
        <mulrotate>5</mulrotate>
        <centerX>-23</centerX>
        <centerY>-92</centerY>
    </drawable>
    <drawable>
        <name>image10.png</name>
        <rotate>3</rotate>
        <direction>2</direction>
        <mulrotate>3</mulrotate>
        <centerX>92</centerX>
        <centerY>-45</centerY>
    </drawable>
    <drawable>
        <name>image11.png</name>
    </drawable>
    <drawable>
        <name>digital1.xml</name>
        <arraytype>5</arraytype>
        <centerX>70</centerX>
        <centerY>-21</centerY>
    </drawable>
    <drawable>
        <name>digital2.xml</name>
        <arraytype>3</arraytype>
        <centerX>69</centerX>
        <centerY>18</centerY>
    </drawable>
    <drawable>
        <name>digital3.xml</name>
        <arraytype>4</arraytype>
        <centerX>68</centerX>
        <centerY>-4</centerY>
    </drawable>
    <drawable>
        <name>image12.png</name>
        <rotate>7</rotate>
        <direction>2</direction>
        <mulrotate>1</mulrotate>
        <centerX>-72</centerX>
        <centerY>0</centerY>
    </drawable>
    <drawable>
        <name>image13.png</name>
    </drawable>
    <drawable>
        <name>image14.png</name>
        <rotate>2</rotate>
        <mulrotate>1</mulrotate>
    </drawable>
    <drawable>
        <name>image15.png</name>
        <rotate>1</rotate>
        <mulrotate>1</mulrotate>
    </drawable>
    <drawable>
        <name>image16.png</name>
        <rotate>3</rotate>
        <direction>2</direction>
        <mulrotate>1</mulrotate>
    </drawable>
    <drawable>
        <name>image17.png</name>
    </drawable>
</clockskin>
