<?xml version="1.0" encoding="utf-8"?>
<drawables>
     <image>animation_2_0.png</image>
     <image>animation_2_0.png</image>
     <image>animation_2_0.png</image>
     <image>animation_2_0.png</image>
     <image>animation_2_0.png</image>
     <image>animation_2_0.png</image>
     <image>animation_2_0.png</image>
     <image>animation_2_0.png</image>
     <image>animation_2_0.png</image>
     <image>animation_2_0.png</image>
     <image>animation_2_0.png</image>
     <image>animation_2_0.png</image>
     <image>animation_2_0.png</image>
     <image>animation_2_0.png</image>
     <image>animation_2_0.png</image>
     <image>animation_2_0.png</image>
     <image>animation_2_0.png</image>
     <image>animation_2_0.png</image>
     <image>animation_2_0.png</image>
     <image>animation_2_0.png</image>
     <image>animation_2_0.png</image>
     <image>animation_2_0.png</image>
     <image>animation_2_0.png</image>
     <image>animation_2_0.png</image>
     <image>animation_2_0.png</image>
     <image>animation_2_0.png</image>
     <image>animation_2_0.png</image>
     <image>animation_2_0.png</image>
     <image>animation_2_0.png</image>
     <image>animation_2_0.png</image>
     <image>animation_2_0.png</image>
     <image>animation_2_0.png</image>
     <image>animation_2_0.png</image>
     <image>animation_2_0.png</image>
     <image>animation_2_0.png</image>
     <image>animation_2_0.png</image>
     <image>animation_2_0.png</image>
     <image>animation_2_0.png</image>
     <image>animation_2_0.png</image>
     <image>animation_2_0.png</image>
     <image>animation_2_0.png</image>
     <image>animation_2_0.png</image>
     <image>animation_2_0.png</image>
     <image>animation_2_0.png</image>
     <image>animation_2_0.png</image>
     <image>animation_2_0.png</image>
     <image>animation_2_0.png</image>
     <image>animation_2_0.png</image>
     <image>animation_2_0.png</image>
     <image>animation_2_0.png</image>
     <image>animation_2_0.png</image>
     <image>animation_2_0.png</image>
     <image>animation_2_0.png</image>
     <image>animation_2_0.png</image>
     <image>animation_2_0.png</image>
     <image>animation_2_0.png</image>
     <image>animation_2_0.png</image>
     <image>animation_2_0.png</image>
     <image>animation_2_0.png</image>
     <image>animation_2_0.png</image>
     <image>animation_2_0.png</image>
     <image>animation_2_0.png</image>
     <image>animation_2_0.png</image>
     <image>animation_2_0.png</image>
     <image>animation_2_0.png</image>
     <image>animation_2_0.png</image>
     <image>animation_2_0.png</image>
     <image>animation_2_0.png</image>
     <image>animation_2_0.png</image>
     <image>animation_2_0.png</image>
     <image>animation_2_0.png</image>
     <image>animation_2_0.png</image>
     <image>animation_2_0.png</image>
     <image>animation_2_0.png</image>
     <image>animation_2_0.png</image>
     <image>animation_2_0.png</image>
     <image>animation_2_0.png</image>
     <image>animation_2_0.png</image>
     <image>animation_2_0.png</image>
     <image>animation_2_0.png</image>
     <image>animation_2_0.png</image>
     <image>animation_2_0.png</image>
     <image>animation_2_0.png</image>
     <image>animation_2_0.png</image>
     <image>animation_2_0.png</image>
     <image>animation_2_0.png</image>
     <image>animation_2_0.png</image>
     <image>animation_2_0.png</image>
     <image>animation_2_0.png</image>
     <image>animation_2_0.png</image>
     <image>animation_2_0.png</image>
     <image>animation_2_0.png</image>
     <image>animation_2_0.png</image>
     <image>animation_2_0.png</image>
     <image>animation_2_0.png</image>
     <image>animation_2_0.png</image>
     <image>animation_2_0.png</image>
     <image>animation_2_0.png</image>
     <image>animation_2_0.png</image>
     <image>animation_2_99.png</image>
     <image>animation_2_100.png</image>
     <image>animation_2_101.png</image>
     <image>animation_2_102.png</image>
     <image>animation_2_103.png</image>
     <image>animation_2_104.png</image>
     <image>animation_2_105.png</image>
     <image>animation_2_106.png</image>
     <image>animation_2_107.png</image>
     <image>animation_2_108.png</image>
     <image>animation_2_109.png</image>
     <image>animation_2_110.png</image>
     <image>animation_2_111.png</image>
     <image>animation_2_112.png</image>
     <image>animation_2_113.png</image>
     <image>animation_2_114.png</image>
     <image>animation_2_115.png</image>
     <image>animation_2_116.png</image>
     <image>animation_2_117.png</image>
     <image>animation_2_118.png</image>
     <image>animation_2_119.png</image>
     <image>animation_2_120.png</image>
     <image>animation_2_121.png</image>
     <image>animation_2_122.png</image>
     <image>animation_2_123.png</image>
     <image>animation_2_124.png</image>
     <image>animation_2_125.png</image>
     <image>animation_2_125.png</image>
     <image>animation_2_125.png</image>
     <image>animation_2_125.png</image>
     <image>animation_2_125.png</image>
     <image>animation_2_125.png</image>
     <image>animation_2_125.png</image>
     <image>animation_2_125.png</image>
     <image>animation_2_125.png</image>
     <image>animation_2_125.png</image>
     <image>animation_2_125.png</image>
     <image>animation_2_125.png</image>
     <image>animation_2_125.png</image>
     <image>animation_2_125.png</image>
     <image>animation_2_125.png</image>
     <image>animation_2_125.png</image>
     <image>animation_2_125.png</image>
     <image>animation_2_125.png</image>
     <image>animation_2_125.png</image>
     <image>animation_2_125.png</image>
     <image>animation_2_125.png</image>
     <image>animation_2_125.png</image>
     <image>animation_2_125.png</image>
     <image>animation_2_125.png</image>
     <image>animation_2_125.png</image>
     <image>animation_2_125.png</image>
     <image>animation_2_125.png</image>
     <image>animation_2_125.png</image>
     <image>animation_2_125.png</image>
     <image>animation_2_125.png</image>
     <image>animation_2_125.png</image>
     <image>animation_2_125.png</image>
     <image>animation_2_125.png</image>
     <image>animation_2_125.png</image>
     <image>animation_2_125.png</image>
     <image>animation_2_125.png</image>
     <image>animation_2_125.png</image>
     <image>animation_2_125.png</image>
     <image>animation_2_124.png</image>
     <image>animation_2_123.png</image>
     <image>animation_2_122.png</image>
     <image>animation_2_121.png</image>
     <image>animation_2_120.png</image>
     <image>animation_2_119.png</image>
     <image>animation_2_118.png</image>
     <image>animation_2_117.png</image>
     <image>animation_2_116.png</image>
     <image>animation_2_115.png</image>
     <image>animation_2_114.png</image>
     <image>animation_2_113.png</image>
     <image>animation_2_112.png</image>
     <image>animation_2_111.png</image>
     <image>animation_2_110.png</image>
     <image>animation_2_109.png</image>
     <image>animation_2_108.png</image>
     <image>animation_2_107.png</image>
     <image>animation_2_106.png</image>
     <image>animation_2_105.png</image>
     <image>animation_2_104.png</image>
     <image>animation_2_103.png</image>
     <image>animation_2_102.png</image>
     <image>animation_2_101.png</image>
     <image>animation_2_100.png</image>
     <image>animation_2_99.png</image>
     <image>animation_2_0.png</image>
</drawables>
