<?xml version="1.0" encoding="utf-8"?>
<drawables>
     <image>animation_1_0.png</image>
     <image>animation_1_1.png</image>
     <image>animation_1_2.png</image>
     <image>animation_1_3.png</image>
     <image>animation_1_4.png</image>
     <image>animation_1_5.png</image>
     <image>animation_1_6.png</image>
     <image>animation_1_7.png</image>
     <image>animation_1_8.png</image>
     <image>animation_1_9.png</image>
     <image>animation_1_10.png</image>
     <image>animation_1_11.png</image>
     <image>animation_1_12.png</image>
     <image>animation_1_13.png</image>
     <image>animation_1_14.png</image>
     <image>animation_1_15.png</image>
     <image>animation_1_16.png</image>
     <image>animation_1_17.png</image>
     <image>animation_1_18.png</image>
     <image>animation_1_19.png</image>
     <image>animation_1_20.png</image>
     <image>animation_1_21.png</image>
     <image>animation_1_22.png</image>
     <image>animation_1_23.png</image>
     <image>animation_1_24.png</image>
     <image>animation_1_25.png</image>
     <image>animation_1_26.png</image>
     <image>animation_1_27.png</image>
     <image>animation_1_28.png</image>
     <image>animation_1_29.png</image>
     <image>animation_1_30.png</image>
     <image>animation_1_31.png</image>
     <image>animation_1_32.png</image>
     <image>animation_1_33.png</image>
     <image>animation_1_34.png</image>
     <image>animation_1_35.png</image>
     <image>animation_1_36.png</image>
     <image>animation_1_37.png</image>
     <image>animation_1_38.png</image>
     <image>animation_1_39.png</image>
     <image>animation_1_40.png</image>
     <image>animation_1_41.png</image>
     <image>animation_1_42.png</image>
     <image>animation_1_43.png</image>
     <image>animation_1_44.png</image>
     <image>animation_1_45.png</image>
     <image>animation_1_46.png</image>
     <image>animation_1_47.png</image>
     <image>animation_1_48.png</image>
     <image>animation_1_49.png</image>
     <image>animation_1_50.png</image>
     <image>animation_1_51.png</image>
     <image>animation_1_52.png</image>
     <image>animation_1_53.png</image>
     <image>animation_1_54.png</image>
     <image>animation_1_55.png</image>
     <image>animation_1_56.png</image>
     <image>animation_1_57.png</image>
     <image>animation_1_58.png</image>
     <image>animation_1_59.png</image>
     <image>animation_1_60.png</image>
     <image>animation_1_61.png</image>
     <image>animation_1_62.png</image>
     <image>animation_1_63.png</image>
     <image>animation_1_64.png</image>
     <image>animation_1_65.png</image>
     <image>animation_1_66.png</image>
     <image>animation_1_67.png</image>
     <image>animation_1_68.png</image>
     <image>animation_1_69.png</image>
     <image>animation_1_70.png</image>
     <image>animation_1_71.png</image>
     <image>animation_1_72.png</image>
     <image>animation_1_73.png</image>
     <image>animation_1_74.png</image>
     <image>animation_1_75.png</image>
     <image>animation_1_76.png</image>
     <image>animation_1_77.png</image>
     <image>animation_1_78.png</image>
     <image>animation_1_79.png</image>
     <image>animation_1_80.png</image>
     <image>animation_1_81.png</image>
     <image>animation_1_82.png</image>
     <image>animation_1_83.png</image>
     <image>animation_1_84.png</image>
     <image>animation_1_85.png</image>
     <image>animation_1_86.png</image>
     <image>animation_1_87.png</image>
     <image>animation_1_88.png</image>
     <image>animation_1_89.png</image>
</drawables>
