<clockskin>
    <drawable>
        <name>animated_image_1.xml</name>
        <color>1</color>
        <arraytype>62</arraytype>
        <centerX>18</centerX>
        <centerY>-10</centerY>
    </drawable>
    <drawable>
        <name>animated_image_2.xml</name>
        <color>1</color>
        <arraytype>62</arraytype>
    </drawable>
    <drawable>
        <name>digital1.xml</name>
        <arraytype>61</arraytype>
        <centerX>47</centerX>
        <centerY>-23</centerY>
    </drawable>
    <drawable>
        <name>digital2.xml</name>
        <arraytype>61</arraytype>
        <centerX>47</centerX>
        <centerY>-23</centerY>
    </drawable>
    <drawable>
        <name>digital3.xml</name>
        <arraytype>14</arraytype>
        <centerX>847</centerX>
        <centerY>-23</centerY>
    </drawable>
    <drawable>
        <name>digital4.xml</name>
        <arraytype>6</arraytype>
        <centerX>47</centerX>
        <centerY>90</centerY>
    </drawable>
    <drawable>
        <name>digital5.xml</name>
        <arraytype>2</arraytype>
        <centerX>-925</centerX>
        <centerY>123</centerY>
    </drawable>
    <drawable>
        <name>digital5.xml</name>
        <arraytype>2</arraytype>
        <centerX>-534</centerX>
        <centerY>113</centerY>
    </drawable>
    <drawable>
        <name>digital5.xml</name>
        <arraytype>2</arraytype>
        <centerX>-140</centerX>
        <centerY>106</centerY>
    </drawable>
    <drawable>
        <name>digital5.xml</name>
        <arraytype>2</arraytype>
        <centerX>253</centerX>
        <centerY>98</centerY>
    </drawable>
    <drawable>
        <name>digital5.xml</name>
        <arraytype>2</arraytype>
        <centerX>645</centerX>
        <centerY>88</centerY>
    </drawable>
    <drawable>
        <name>digital6.xml</name>
        <arraytype>5</arraytype>
        <centerX>-88</centerX>
        <centerY>155</centerY>
    </drawable>
    <drawable>
        <arraytype>100</arraytype>
        <centerX>-104</centerX>
        <centerY>-116</centerY>
        <range>35</range>
        <cls>com.android.settings.Settings</cls>
        <pkg>com.android.settings</pkg>
    </drawable>
    <drawable>
        <arraytype>100</arraytype>
        <centerX>47</centerX>
        <centerY>-23</centerY>
        <range>35</range>
        <cls>com.android.camera.CameraLauncher</cls>
        <pkg>com.wiite.camera</pkg>
    </drawable>
    <drawable>
        <arraytype>100</arraytype>
        <centerX>-8</centerX>
        <centerY>92</centerY>
        <range>40</range>
        <cls>ru.irk.ang.balsan.shortcuttorch.MainActivity</cls>
        <pkg>ru.irk.ang.balsan.shortcutled</pkg>
    </drawable>
</clockskin>
<!-- Created on WatchFace Designer 0.14.2 beta -->
<!-- Exported for Android 7.1+ Stock ClockSkin Engine -->
