<clockskin>
    <drawable>
        <name>image1.png</name>
    </drawable>
    <drawable>
        <name>digital1.xml</name>
        <arraytype>14</arraytype>
    </drawable>
    <drawable>
        <name>digital2.xml</name>
        <arraytype>14</arraytype>
        <centerX>400</centerX>
        <centerY>0</centerY>
    </drawable>
    <drawable>
        <name>digital3.xml</name>
        <arraytype>14</arraytype>
        <centerX>800</centerX>
        <centerY>0</centerY>
    </drawable>
    <drawable>
        <name>image2.png</name>
    </drawable>
    <drawable>
        <name>digital4.xml</name>
        <arraytype>3</arraytype>
    </drawable>
    <drawable>
        <name>image3.png</name>
    </drawable>
    <drawable>
        <name>digital5.xml</name>
        <arraytype>6</arraytype>
        <centerX>0</centerX>
        <centerY>-85</centerY>
    </drawable>
    <drawable>
        <name>digital6.xml</name>
        <arraytype>4</arraytype>
        <centerX>-117</centerX>
        <centerY>-2</centerY>
    </drawable>
    <drawable>
        <name>digital7.xml</name>
        <arraytype>5</arraytype>
        <centerX>-89</centerX>
        <centerY>22</centerY>
    </drawable>
    <drawable>
        <name>image4.png</name>
    </drawable>
    <drawable>
        <name>digital8.xml</name>
        <arraytype>6</arraytype>
        <centerX>121</centerX>
        <centerY>31</centerY>
    </drawable>
    <drawable>
        <name>digital22.xml</name>
        <arraytype>63</arraytype>
    </drawable>
    <drawable>
        <name>digital9.xml</name>
        <arraytype>14</arraytype>
        <centerX>81</centerX>
        <centerY>-3</centerY>
    </drawable>
    <drawable>
        <name>digital10.xml</name>
        <arraytype>19</arraytype>
        <centerX>34</centerX>
        <centerY>95</centerY>
    </drawable>
    <drawable>
        <name>digital11.xml</name>
        <arraytype>10</arraytype>
        <centerX>-35</centerX>
        <centerY>92</centerY>
    </drawable>
    <drawable>
        <name>digital12.xml</name>
        <arraytype>11</arraytype>
        <centerX>-5</centerX>
        <centerY>50</centerY>
    </drawable>
    <drawable>
        <name>digital13.xml</name>
        <arraytype>50</arraytype>
        <centerX>-107</centerX>
        <centerY>96</centerY>
    </drawable>
    <drawable>
        <name>digital13.xml</name>
        <arraytype>50</arraytype>
        <centerX>282</centerX>
        <centerY>105</centerY>
    </drawable>
    <drawable>
        <name>digital14.xml</name>
        <arraytype>51</arraytype>
        <centerX>-285</centerX>
        <centerY>104</centerY>
    </drawable>
    <drawable>
        <name>digital14.xml</name>
        <arraytype>51</arraytype>
        <centerX>104</centerX>
        <centerY>95</centerY>
    </drawable>
    <drawable>
        <rotate>1</rotate>
        <direction>1</direction>
        <mulrotate>1</mulrotate>
        <name>image6.png</name>
    </drawable>
    <drawable>
        <rotate>2</rotate>
        <direction>1</direction>
        <mulrotate>1</mulrotate>
        <name>image7.png</name>
    </drawable>
    <drawable>
        <rotate>3</rotate>
        <direction>1</direction>
        <mulrotate>1</mulrotate>
        <name>image8.png</name>
    </drawable>
    <drawable>
        <name>image9.png</name>
    </drawable>
    <drawable>
        <name>digital15.xml</name>
        <arraytype>50</arraytype>
        <centerX>155</centerX>
        <centerY>138</centerY>
    </drawable>
    <drawable>
        <name>digital16.xml</name>
        <arraytype>51</arraytype>
        <centerX>-155</centerX>
        <centerY>138</centerY>
    </drawable>
    <drawable>
        <arraytype>100</arraytype>
        <centerX>-162</centerX>
        <centerY>-150</centerY>
        <range>30</range>
        <cls>com.wiite.mycalender.MainActivity</cls>
        <pkg>com.wiite.mycalender</pkg>
    </drawable>
    <drawable>
        <arraytype>100</arraytype>
        <centerX>-110</centerX>
        <centerY>-193</centerY>
        <range>30</range>
        <cls>com.google.android.maps.MapsActivity</cls>
        <pkg>com.google.android.apps.maps</pkg>
    </drawable>
    <drawable>
        <arraytype>100</arraytype>
        <centerX>-46</centerX>
        <centerY>-217</centerY>
        <range>30</range>
        <cls>com.android.music.util.MainActivity</cls>
        <pkg>com.android.music</pkg>
    </drawable>
    <drawable>
        <arraytype>100</arraytype>
        <centerX>44</centerX>
        <centerY>-217</centerY>
        <range>30</range>
        <cls>com.mobvoi.ticwear.calculator.MainActivity</cls>
        <pkg>com.mobvoi.wear.calculator.aw</pkg>
    </drawable>
    <drawable>
        <arraytype>100</arraytype>
        <centerX>109</centerX>
        <centerY>-193</centerY>
        <range>30</range>
        <cls>com.android.camera.CameraLauncher</cls>
        <pkg>com.wiite.camera</pkg>
    </drawable>
    <drawable>
        <arraytype>100</arraytype>
        <centerX>160</centerX>
        <centerY>-150</centerY>
        <range>30</range>
        <cls>com.android.watchweather.MainNewActivity</cls>
        <pkg>com.android.watchweather</pkg>
    </drawable>
    <drawable>
        <arraytype>100</arraytype>
        <centerX>-145</centerX>
        <centerY>175</centerY>
        <range>40</range>
        <cls>com.wiite.dbf.wiitemms.MainActivity</cls>
        <pkg>com.wiite.dbf.wiitemms</pkg>
    </drawable>
    <drawable>
        <arraytype>100</arraytype>
        <centerX>-54</centerX>
        <centerY>215</centerY>
        <range>35</range>
        <cls>com.lumaticsoft.watchdroidassistant.WDPP</cls>
        <pkg>com.lumaticsoft.watchdroidassistant</pkg>
    </drawable>
    <drawable>
        <arraytype>100</arraytype>
        <centerX>53</centerX>
        <centerY>215</centerY>
        <range>35</range>
        <cls>bp.wt.com.androidp_contacts.activity.MainContactsActivity</cls>
        <pkg>com.wiite.dbf.androidp_contacts</pkg>
    </drawable>
    <drawable>
        <arraytype>100</arraytype>
        <centerX>144</centerX>
        <centerY>175</centerY>
        <range>40</range>
        <cls>bp.wt.com.androidp_contacts.activity.MainPhoneActivity</cls>
        <pkg>com.wiite.dbf.androidp_contacts</pkg>
    </drawable>
    <drawable>
        <arraytype>100</arraytype>
        <centerX>0</centerX>
        <centerY>1</centerY>
        <range>30</range>
        <cls>com.android.settings.Settings</cls>
        <pkg>com.android.settings</pkg>
    </drawable>
</clockskin>
<!-- Created on WatchFace Designer 0.14.2 beta -->
<!-- Exported for Android 7.1+ Stock ClockSkin Engine -->
