<?xml version="1.0" encoding="utf-8"?>
<drawables>
	<image>monat_jan.png</image>
	<image>monat_feb.png</image>
	<image>monat_mar.png</image>
	<image>monat_apr.png</image>
	<image>monat_may.png</image>
	<image>monat_jun.png</image>
	<image>monat_jul.png</image>
	<image>monat_aug.png</image>
	<image>monat_sep.png</image>
	<image>monat_oct.png</image>
	<image>monat_nov.png</image>
	<image>monat_dec.png</image>
<!--COMMENTED BY ClockSkinMaker
<metadata gui='rra' version='1.6.0.0' type='array_month' forecolor='FFFFFF' autoscale='1' font='Times New Roman' fontstyle='Regular' fontsize='23,02646'>
<content>Jan</content>
<content>Feb</content>
<content>Mrz</content>
<content>Apr</content>
<content>Mai</content>
<content>Jun</content>
<content>Jul</content>
<content>Aug</content>
<content>Sep</content>
<content>Okt</content>
<content>Nov</content>
<content>Dez</content>
</metadata>
-->
</drawables>