<clockskin>
    <drawable>
        <name>image1.png</name>
    </drawable>
    <drawable>
        <rotate>3</rotate>
        <mulrotate>1</mulrotate>
        <centerX>0</centerX>
        <centerY>88</centerY>
        <name>image2.png</name>
    </drawable>
    <drawable>
        <rotate>2</rotate>
        <mulrotate>1</mulrotate>
        <centerX>1</centerX>
        <centerY>-40</centerY>
        <name>image3.png</name>
    </drawable>
    <drawable>
        <name>digital1.xml</name>
        <arraytype>7</arraytype>
        <centerX>0</centerX>
        <centerY>-136</centerY>
    </drawable>
</clockskin>
