<clockskin>
    <drawable>
        <name>image1.png</name>
    </drawable>
    <drawable>
        <name>image2.png</name>
        <rotate>7</rotate>
        <mulrotate>1</mulrotate>
        <centerX>81</centerX>
        <centerY>4</centerY>
    </drawable>
    <drawable>
        <name>image3.png</name>
        <rotate>6</rotate>
        <mulrotate>2</mulrotate>
        <centerX>-83</centerX>
        <centerY>0</centerY>
    </drawable>
    <drawable>
        <name>image4.png</name>
        <rotate>4</rotate>
        <mulrotate>1</mulrotate>
        <centerX>0</centerX>
        <centerY>85</centerY>
    </drawable>
    <drawable>
        <name>image5.png</name>
    </drawable>
    <drawable>
        <name>image6.png</name>
        <rotate>1</rotate>
        <mulrotate>1</mulrotate>
    </drawable>
    <drawable>
        <name>image7.png</name>
        <rotate>2</rotate>
        <mulrotate>1</mulrotate>
    </drawable>
    <drawable>
        <name>image8.png</name>
        <rotate>3</rotate>
        <mulrotate>1</mulrotate>
    </drawable>
    <drawable>
        <name>digital1.xml</name>
        <arraytype>4</arraytype>
        <centerX>-109</centerX>
        <centerY>101</centerY>
    </drawable>
    <drawable>
        <name>digital1.xml</name>
        <arraytype>4</arraytype>
        <centerX>281</centerX>
        <centerY>91</centerY>
    </drawable>
</clockskin>
