<?xml version="1.0" encoding="utf-8"?>
<drawables>
	<image>bat_num_0_3.png</image>
	<image>bat_num_1_3.png</image>
	<image>bat_num_2_3.png</image>
	<image>bat_num_3_3.png</image>
	<image>bat_num_4_3.png</image>
	<image>bat_num_5_3.png</image>
	<image>bat_num_6_3.png</image>
	<image>bat_num_7_3.png</image>
	<image>bat_num_8_3.png</image>
	<image>bat_num_9_3.png</image>
	<image>bat_lead_3.png</image>
	<image>bat_percent_3.png</image>
<!--COMMENTED BY ClockSkinMaker
<metadata gui='rra' version='2.0.0.2' type='array_battery_level' forecolor='C0C0C0' autoscale='1' font='Arial Narrow' fontstyle='Regular' fontsize='10,28801'>
<content>0</content>
<content>1</content>
<content>2</content>
<content>3</content>
<content>4</content>
<content>5</content>
<content>6</content>
<content>7</content>
<content>8</content>
<content>9</content>
<content></content>
<content>%</content>
</metadata>
-->
</drawables>