<?xml version="1.0" encoding="utf-8"?>
<clockskin>
	<drawable>
		<name>DIGITAL WACH 23-1.png</name>
	</drawable>
	<drawable>
		<name>Zobnik6-1.png</name>
		<rotate>3</rotate>
		<centerX>-110</centerX>
		<centerY>-52</centerY>
		<direction>2</direction>
		<mulrotate>1</mulrotate>
	</drawable>
	<drawable>
		<name>zobnik4_1.png</name>
		<rotate>3</rotate>
		<centerX>45</centerX>
		<centerY>112</centerY>
	</drawable>
	<drawable>
		<name>zobnik4.png</name>
		<rotate>3</rotate>
		<centerX>45</centerX>
		<centerY>112</centerY>
		<direction>2</direction>
		<mulrotate>3</mulrotate>
	</drawable>
        <drawable>
		<name>zobnik8.png</name>
		<rotate>3</rotate>
		<centerX>-22</centerX>
		<centerY>118</centerY>
		<direction>2</direction>
		<mulrotate>1</mulrotate>
	</drawable>
	<drawable>
		<name>Zobnik7.png</name>
		<rotate>3</rotate>
		<centerX>-4</centerX>
		<centerY>81</centerY>
	</drawable>
	<drawable>
		<name>navitje.png</name>
		<centerX>-75</centerX>
		<centerY>59</centerY>
	</drawable>
	<drawable>
		<name>zobnik3_2.png</name>
		<rotate>3</rotate>
		<centerX>39</centerX>
		<centerY>-41</centerY>
		<mulrotate>3</mulrotate>
	</drawable>
	<drawable>
		<name>zobnik1.png</name>
		<rotate>3</rotate>
		<direction>2</direction>
	</drawable>
	<drawable>
		<name>zobnik3.png</name>
		<rotate>3</rotate>
		<centerX>-34</centerX>
		<centerY>-50</centerY>
		<direction>2</direction>
		<mulrotate>3</mulrotate>
	</drawable>
	<drawable>
		<name>Zobnik6.png</name>
		<rotate>3</rotate>
		<centerX>-148</centerX>
		<centerY>2</centerY>
	</drawable>
	<drawable>
		<name>zobnik2.png</name>
		<rotate>3</rotate>
		<centerX>-80</centerX>
		<direction>1</direction>
	</drawable>
	<drawable>
		<name>cep_1.png</name>
		<centerX>-68</centerX>
		<centerY>-93</centerY>
	</drawable>
	<drawable>
		<name>zobnik3_1.png</name>
		<rotate>3</rotate>
		<centerX>-68</centerX>
		<centerY>-92</centerY>
	</drawable>
	<drawable>
		<name>ROLATION-0.png</name>
	</drawable>
	<drawable>
		<name>cep.png</name>
		<centerX>45</centerX>
		<centerY>113</centerY>
	</drawable>
	<drawable>
		<name>BONI TIME1.png</name>
		<centerY>1</centerY>
	</drawable>
	<drawable>
		<name>dan_1.xml</name>
		<arraytype>6</arraytype>
		<centerX>90</centerX>
		<centerY>-11</centerY>
	</drawable>
	<drawable>
		<name>bat_1.xml</name>
		<arraytype>14</arraytype>
		<centerX>76</centerX>
		<centerY>91</centerY>
	</drawable>
	<drawable>
		<name>bat_2.xml</name>
		<arraytype>13</arraytype>
		<centerX>76</centerX>
		<centerY>60</centerY>
	</drawable>
	<drawable>
		<name>bat_3.xml</name>
		<arraytype>12</arraytype>
		<centerX>83</centerX>
		<centerY>-54</centerY>
	</drawable>
	<drawable>
		<name>bat.xml</name>
		<arraytype>60</arraytype>
		<centerX>71</centerX>
		<centerY>-83</centerY>
	</drawable>
	<drawable>
		<name>digital6.xml</name>
		<arraytype>10</arraytype>
		<centerY>-87</centerY>
	</drawable>
	<drawable>
		<name>temp.xml</name>
		<arraytype>11</arraytype>
		<centerX>2</centerX>
		<centerY>-60</centerY>
	</drawable>
	<drawable>
		<name>day.xml</name>
		<arraytype>4</arraytype>
		<centerX>76</centerX>
		<centerY>21</centerY>
	</drawable>
	<drawable>
		<name>day_1.xml</name>
		<arraytype>3</arraytype>
		<centerX>115</centerX>
		<centerY>20</centerY>
	</drawable>
        <drawable>
		<name>OUT.xml</name>
		<arraytype>80</arraytype>        
	</drawable>
	<drawable>
		<name>ROLATIONur.png</name>
		<rotate>1</rotate>
	</drawable>
	<drawable>
		<name>ROLATIONmin.png</name>
		<rotate>2</rotate>
	</drawable>
	<drawable>
		<name>ROLATIONsek.png</name>
		<rotate>3</rotate>
	</drawable> 
        <drawable>
        <arraytype>100</arraytype>
        <centerX>76</centerX>
        <centerY>61</centerY>
        <range>40</range>
        <cls>com.wiite.wiite_heartrate.MainActivity</cls>
        <pkg>com.wiite.wiite_heartrate</pkg>
    </drawable>
    <drawable>
        <arraytype>100</arraytype>
        <centerX>0</centerX>
        <centerY>-78</centerY>
        <range>90</range>
        <cls>com.android.watchweather.MainNewActivity</cls>
        <pkg>com.android.watchweather</pkg>
    </drawable>
<!--COMMENTED BY ClockSkinMaker
<metadata gui='rra' version='2.0.0.2'/>
-->
</clockskin>