<?xml version="1.0" encoding="utf-8"?>
<drawables>
	<image>day_1_jan.png</image>
	<image>day_1_feb.png</image>
	<image>day_1_mar.png</image>
	<image>day_1_apr.png</image>
	<image>day_1_may.png</image>
	<image>day_1_jun.png</image>
	<image>day_1_jul.png</image>
	<image>day_1_aug.png</image>
	<image>day_1_sep.png</image>
	<image>day_1_oct.png</image>
	<image>day_1_nov.png</image>
	<image>day_1_dec.png</image>
<!--COMMENTED BY ClockSkinMaker
<metadata gui='rra' version='2.0.0.2' type='array_month' forecolor='C0C0C0' autoscale='1' font='Arial Narrow' fontstyle='Regular' fontsize='33,11773'>
<content>-01</content>
<content>-02</content>
<content>-03</content>
<content>-04</content>
<content>-05</content>
<content>-06</content>
<content>-07</content>
<content>-08</content>
<content>-09</content>
<content>-10</content>
<content>-11</content>
<content>-12</content>
</metadata>
-->
</drawables>