<?xml version="1.0" encoding="utf-8"?>
<clockskin>
	<drawable>
		<name>clock10_bg_01.png</name>
	</drawable>
	<drawable>
		<name>clock10_week_bg_02.png</name>
		<centerX>-74</centerX>
		<centerY>75</centerY>
	</drawable>
	<drawable>
		<name>CIRCL MON.png</name>
		<centerX>-74</centerX>
		<centerY>49</centerY>
	</drawable>
	<drawable>
		<name>month.xml</name>
		<arraytype>3</arraytype>
		<centerX>-74</centerX>
		<centerY>50</centerY>
	</drawable>
	<drawable>
		<name>c1_1_1_1.png</name>
		<centerX>-74</centerX>
		<centerY>-74</centerY>
	</drawable>
	<drawable>
		<name>baterry.png</name>
		<centerX>-74</centerX>
		<centerY>-51</centerY>
	</drawable>
	<drawable>
		<name>c1_1_1.png</name>
		<centerX>76</centerX>
		<centerY>75</centerY>
	</drawable>
	<drawable>
		<name>smartw.png</name>
		<centerX>76</centerX>
		<centerY>-121</centerY>
	</drawable>
	<drawable>
		<name>24HOUR.png</name>
		<centerX>76</centerX>
		<centerY>75</centerY>
	</drawable>
	<drawable>
		<name>week_mon_1_1.png</name>
		<rotate>7</rotate>
		<centerX>76</centerX>
		<centerY>75</centerY>
		<startAngle>360</startAngle>
		<mulrotate>1</mulrotate>
	</drawable>
	<drawable>
		<name>BAT.png</name>
		<centerX>-74</centerX>
		<centerY>-74</centerY>
	</drawable>
	<drawable>
		<name>weather_array.xml</name>
		<arraytype>10</arraytype>
		<centerX>75</centerX>
		<centerY>-63</centerY>
	</drawable>
	<drawable>
		<name>temp.xml</name>
		<arraytype>11</arraytype>
		<centerX>75</centerX>
		<centerY>-16</centerY>
	</drawable>
	<drawable>
		<name>clock 1.png</name>
		<centerX>-1</centerX>
	</drawable>
	<drawable>
		<name>week_mon.png</name>
		<rotate>6</rotate>
		<centerX>-74</centerX>
		<centerY>-74</centerY>
		<startAngle>-360</startAngle>
		<mulrotate>2</mulrotate>
	</drawable>
	<drawable>
		<name>day.xml</name>
		<arraytype>4</arraytype>
		<centerX>-74</centerX>
		<centerY>102</centerY>
	</drawable>
	<drawable>
		<name>week.xml</name>
		<arraytype>5</arraytype>
		<centerX>-74</centerX>
		<centerY>75</centerY>
	</drawable>
	<drawable>
		<name>clock10_hour_shadow2.png</name>
		<rotate>1</rotate>
		<centerX>4</centerX>
		<centerY>4</centerY>
	</drawable>
	<drawable>
		<name>clock10_hour_left2.png</name>
		<rotate>1</rotate>
	</drawable>
	<drawable>
		<name>clock10_min_shadow2.png</name>
		<rotate>2</rotate>
		<centerX>6</centerX>
		<centerY>6</centerY>
	</drawable>
	<drawable>
		<name>clock10_min_left2.png</name>
		<rotate>2</rotate>
	</drawable>
	<drawable>
		<name>clock10_second_shadow2.png</name>
		<rotate>3</rotate>
		<centerX>8</centerX>
		<centerY>8</centerY>
	</drawable>
	<drawable>
		<name>clock10_second_left2.png</name>
		<rotate>3</rotate>
	</drawable>
<!--COMMENTED BY ClockSkinMaker
<metadata gui='rra' version='1.4.0.0'/>
-->
</clockskin>