<?xml version="1.0" encoding="utf-8"?>
<drawables>
	<image>month_jan.png</image>
	<image>month_feb.png</image>
	<image>month_mar.png</image>
	<image>month_apr.png</image>
	<image>month_may.png</image>
	<image>month_jun.png</image>
	<image>month_jul.png</image>
	<image>month_aug.png</image>
	<image>month_sep.png</image>
	<image>month_oct.png</image>
	<image>month_nov.png</image>
	<image>month_dec.png</image>
<!--COMMENTED BY ClockSkinMaker
<metadata gui='rra' version='1.4.0.0' type='array_month' forecolor='06265B' autoscale='1' font='Arial' fontstyle='Regular' fontsize='13,49588'>
<content>Jan</content>
<content>Feb</content>
<content>Mar</content>
<content>Apr</content>
<content>May</content>
<content>Jun</content>
<content>Jul</content>
<content>Aug</content>
<content>Sep</content>
<content>Okt</content>
<content>Nov</content>
<content>Dec</content>
</metadata>
-->
</drawables>