<clockskin>
    <drawable>
        <color>1</color>
        <name>animated_image_1.xml</name>
        <arraytype>62</arraytype>
    </drawable>
    <drawable>
        <name>image1.png</name>
    </drawable>
    <drawable>
        <rotate>3</rotate>
        <direction>2</direction>
        <mulrotate>3</mulrotate>
        <name>image2.png</name>
    </drawable>
    <drawable>
        <name>image3.png</name>
    </drawable>
    <drawable>
        <name>digital1.xml</name>
        <arraytype>3</arraytype>
    </drawable>
    <drawable>
        <name>digital2.xml</name>
        <arraytype>61</arraytype>
    </drawable>
    <drawable>
        <name>digital5.xml</name>
        <arraytype>14</arraytype>
        <centerX>94</centerX>
        <centerY>0</centerY>
    </drawable>
    <drawable>
        <name>image4.png</name>
    </drawable>
    <drawable>
        <name>digital6.xml</name>
        <arraytype>6</arraytype>
        <centerX>0</centerX>
        <centerY>-105</centerY>
    </drawable>
    <drawable>
        <name>digital7.xml</name>
        <arraytype>9</arraytype>
        <centerX>0</centerX>
        <centerY>-57</centerY>
    </drawable>
    <drawable>
        <name>digital8.xml</name>
        <arraytype>4</arraytype>
        <centerX>-126</centerX>
        <centerY>-4</centerY>
    </drawable>
    <drawable>
        <name>digital9.xml</name>
        <arraytype>5</arraytype>
        <centerX>-104</centerX>
        <centerY>26</centerY>
    </drawable>
    <drawable>
        <name>digital10.xml</name>
        <arraytype>12</arraytype>
        <centerX>-17</centerX>
        <centerY>56</centerY>
    </drawable>
    <drawable>
        <name>digital11.xml</name>
        <arraytype>54</arraytype>
        <centerX>48</centerX>
        <centerY>103</centerY>
    </drawable>
    <drawable>
        <name>digital12.xml</name>
        <arraytype>13</arraytype>
        <centerX>-13</centerX>
        <centerY>144</centerY>
    </drawable>
    <drawable>
        <name>digital13.xml</name>
        <arraytype>60</arraytype>
        <centerX>-74</centerX>
        <centerY>103</centerY>
    </drawable>
    <drawable>
        <name>image5.png</name>
    </drawable>
    <drawable>
        <arraytype>99</arraytype>
        <centerX>85</centerX>
        <centerY>32</centerY>
    </drawable>
    <drawable>
        <name>image6.png</name>
    </drawable>
</clockskin>
<!-- Created on WatchFace Designer 0.14.2 beta -->
<!-- Exported for Android 7.1+ Stock ClockSkin Engine -->
