<?xml version="1.0" encoding="utf-8"?>
<clockskin>  
       <drawable>
		<name>OUT.xml</name>
		<arraytype>80</arraytype>        
	</drawable>
       <drawable>
	<name>animated_image_4.xml</name>
	<arraytype>62</arraytype>
	<centerX>0</centerX>
	<centerY>0</centerY>
    </drawable>
	<drawable>
        <name>animated_image_4.xml</name>
        <framerate>6</framerate>
	<centerX>0</centerX>
	<centerY>0</centerY>
    </drawable> 
	<drawable>
		<name>PRETEKANJE osnova.png</name>
	</drawable>
	<drawable>
		<name>digital8.xml</name>
		<arraytype>12</arraytype>
	</drawable>
	<drawable>
		<name>digital9.xml</name>
		<arraytype>12</arraytype>
		<centerX>400</centerX>
	</drawable>
	<drawable>
		<name>ura_1.xml</name>
		<arraytype>7</arraytype>
		<centerX>-132</centerX>
		<centerY>-57</centerY>
	</drawable>
	<drawable>
		<name>ura.xml</name>
		<arraytype>8</arraytype>
		<centerX>132</centerX>
		<centerY>-57</centerY>
	</drawable>
	<drawable>
		<name>kor.xml</name>
		<arraytype>12</arraytype>
		<centerY>-168</centerY>
	</drawable>
	<drawable>
		<name>bat.xml</name>
                <centerX>6</centerX>
		<arraytype>14</arraytype>
		<centerY>173</centerY>
	</drawable>
	<drawable>
		<name>dan.xml</name>
		<arraytype>2</arraytype>
		<centerY>-4</centerY>
	</drawable>
	<drawable>
		<name>ted.xml</name>
		<arraytype>5</arraytype>
		<centerY>26</centerY>
	</drawable>
	<drawable>
		<name>weather_array.xml</name>
		<arraytype>10</arraytype>
		<centerX>-169</centerX>
		<centerY>11</centerY>
	</drawable>
	<drawable>
		<name>digital5.xml</name>
		<arraytype>11</arraytype>
		<centerX>-152</centerX>
		<centerY>61</centerY>
	</drawable>
	<drawable>
		<name>digital13.xml</name>
		<arraytype>13</arraytype>
		<centerX>161</centerX>
		<centerY>7</centerY>
	</drawable>
        <drawable>
		<name>digital1.xml</name>
		<arraytype>61</arraytype>
	</drawable>
<!--COMMENTED BY ClockSkinMaker
<metadata gui='rra' version='2.0.0.2'/>
-->
</clockskin>