<?xml version="1.0" encoding="utf-8"?>
<drawables>
	<image>ted_sun.png</image>
	<image>ted_mon.png</image>
	<image>ted_tue.png</image>
	<image>ted_wed.png</image>
	<image>ted_thu.png</image>
	<image>ted_fri.png</image>
	<image>ted_sat.png</image>
<!--COMMENTED BY ClockSkinMaker
<metadata gui='rra' version='2.0.0.2' type='array_weekday' forecolor='5BCAFF' autoscale='1' font='Zebulon Condensed' fontstyle='Regular' fontsize='20,8896'>
<content>NEDELJA</content>
<content>PONEDELJEK</content>
<content>TOREK</content>
<content>SREDA</content>
<content>CETRTEK</content>
<content>PETEK</content>
<content>SOBOTA</content>
</metadata>
-->
</drawables>