<?xml version="1.0" encoding="utf-8"?>
<clockskin>
	<drawable>
		<name>radar_blitz.png</name>
		<rotate>3</rotate>
		<mulrotate>6</mulrotate>
	</drawable>
	<drawable>
		<name>radar_ground.png</name>
	</drawable>
	<drawable>
		<name>days.xml</name>
		<arraytype>5</arraytype>
		<centerX>-35</centerX>
		<centerY>-130</centerY>
	</drawable>
	<drawable>
		<name>dates_1_1.xml</name>
		<arraytype>4</arraytype>
		<centerX>26</centerX>
		<centerY>-132</centerY>
	</drawable>
	<drawable>
		<name>dates_1.xml</name>
		<arraytype>16</arraytype>
		<centerX>74</centerX>
		<centerY>-85</centerY>
	</drawable>
	<drawable>
		<name>monat.xml</name>
		<arraytype>3</arraytype>
		<centerX>110</centerX>
		<centerY>-110</centerY>
	</drawable>
	<drawable>
		<name>dates_2_1.xml</name>
		<arraytype>12</arraytype>
		<centerX>-86</centerX>
		<centerY>98</centerY>
	</drawable>
	<drawable>
		<name>dates.xml</name>
		<arraytype>12</arraytype>
		<centerX>63</centerX>
		<centerY>98</centerY>
	</drawable>
	<drawable>
		<name>battery.xml</name>
		<arraytype>14</arraytype>
		<centerX>69</centerX>
		<centerY>22</centerY>
	</drawable>
	<drawable>
		<name>akkustand_1.xml</name>
		<arraytype>14</arraytype>
		<centerX>118</centerX>
		<centerY>71</centerY>
	</drawable>
	<drawable>
		<name>akkustand.xml</name>
		<arraytype>14</arraytype>
		<centerX>242</centerX>
		<centerY>71</centerY>
	</drawable>
	<drawable>
		<name>blenden.png</name>
	</drawable>
	<drawable>
		<name>hourminute.xml</name>
		<arraytype>6</arraytype>
		<centerX>-41</centerX>
		<centerY>-91</centerY>
	</drawable>
	<drawable>
		<name>Temp.xml</name>
		<arraytype>11</arraytype>
		<centerX>-107</centerX>
		<centerY>-17</centerY>
	</drawable>
	<drawable>
		<name>dates_2.xml</name>
		<arraytype>9</arraytype>
	</drawable>
	<drawable>
		<name>secundenzeiger.png</name>
		<rotate>3</rotate>
		<mulrotate>6</mulrotate>
	</drawable>
<!--COMMENTED BY ClockSkinMaker
<metadata gui='rra' version='1.6.0.0'/>
-->
</clockskin>