<?xml version="1.0" encoding="utf-8"?>
<drawables>
	<image>days_sun.png</image>
	<image>days_mon.png</image>
	<image>days_tue.png</image>
	<image>days_wed.png</image>
	<image>days_thu.png</image>
	<image>days_fri.png</image>
	<image>days_sat.png</image>
<!--COMMENTED BY ClockSkinMaker
<metadata gui='rra' version='1.6.0.0' type='array_weekday' forecolor='3F8196' autoscale='1' font='Eurostile' fontstyle='Regular' fontsize='16,74115'>
<content>SUN</content>
<content>MON</content>
<content>TUE</content>
<content>WED</content>
<content>THU</content>
<content>FRI</content>
<content>SAT</content>
</metadata>
-->
</drawables>