<?xml version="1.0" encoding="utf-8"?>
<clockskin>
	<drawable>
		<name>image1_3.png</name>
	</drawable>
	<drawable>
		<name>shadow1.png</name>
	</drawable>
	<drawable>
		<name>image1_1.png</name>
	</drawable>
	<drawable>
		<name>gear2.png</name>
		<rotate>3</rotate>
		<centerX>46</centerX>
		<centerY>-32</centerY>
		<direction>2</direction>
		<mulrotate>4</mulrotate>
	</drawable>
	<drawable>
		<name>gear1.png</name>
		<rotate>3</rotate>
		<centerY>-95</centerY>
		<direction>2</direction>
		<mulrotate>4</mulrotate>
	</drawable>
	<drawable>
		<name>bout_1_1.png</name>
		<centerX>61</centerX>
		<centerY>73</centerY>
	</drawable>
	<drawable>
		<name>bout_1.png</name>
		<centerX>78</centerX>
		<centerY>59</centerY>
	</drawable>
	<drawable>
		<name>digital1_1.xml</name>
		<arraytype>4</arraytype>
		<centerX>-105</centerX>
		<centerY>96</centerY>
	</drawable>
	<drawable>
		<name>digital1.xml</name>
		<arraytype>4</arraytype>
		<centerX>285</centerX>
		<centerY>86</centerY>
	</drawable>
	<drawable>
		<name>image3_1-sh.png</name>
		<rotate>6</rotate>
		<centerX>-2</centerX>
		<centerY>93</centerY>
		<direction>2</direction>
		<mulrotate>2</mulrotate>
	</drawable>
	<drawable>
		<name>image3_1.png</name>
		<rotate>6</rotate>
		<centerY>95</centerY>
		<direction>1</direction>
		<mulrotate>2</mulrotate>
	</drawable>
	<drawable>
		<name>image5-sh.png</name>
		<rotate>3</rotate>
		<centerX>94</centerX>
		<centerY>-2</centerY>
		<direction>2</direction>
		<mulrotate>2</mulrotate>
	</drawable>
	<drawable>
		<name>image5a.png</name>
		<rotate>3</rotate>
		<centerX>96</centerX>
		<mulrotate>2</mulrotate>
	</drawable>
	<drawable>
		<name>shadow2.png</name>
		<centerX>-4</centerX>
		<centerY>-3</centerY>
	</drawable>
	<drawable>
		<name>shadow.png</name>
		<centerX>99</centerX>
		<centerY>106</centerY>
	</drawable>
	<drawable>
		<name>image3.png</name>
	</drawable>
	<drawable>
		<name>image5.png</name>
	</drawable>
	<drawable>
		<name>logo.png</name>
	</drawable>
	<drawable>
		<name>min -sh.png</name>
		<rotate>2</rotate>
		<centerX>-97</centerX>
		<centerY>-3</centerY>
	</drawable>
	<drawable>
		<name>image2.png</name>
		<rotate>2</rotate>
		<centerX>-94</centerX>
	</drawable>
	<drawable>
		<name>image7a.png</name>
	</drawable>
	<drawable>
		<name>hour-sh.png</name>
		<rotate>1</rotate>
		<centerX>-3</centerX>
		<centerY>-3</centerY>
	</drawable>
	<drawable>
		<name>hour.png</name>
		<rotate>1</rotate>
	</drawable>
	<drawable>
		<name>minute-sh.png</name>
		<rotate>2</rotate>
		<centerX>-4</centerX>
		<centerY>-4</centerY>
	</drawable>
	<drawable>
		<name>second-sh.png</name>
		<rotate>3</rotate>
		<centerX>-6</centerX>
		<centerY>-6</centerY>
		<direction>2</direction>
	</drawable>
	<drawable>
		<name>minute.png</name>
		<rotate>2</rotate>
	</drawable>
	<drawable>
		<name>second.png</name>
		<rotate>3</rotate>
	</drawable>
<!--COMMENTED BY ClockSkinMaker
<metadata gui='rra' version='2.0.0.2'/>
-->
</clockskin>