<clockskin>
    <drawable>
        <name>image1.png</name>
    </drawable>
    <drawable>
        <rotate>3</rotate>
        <direction>2</direction>
        <mulrotate>1</mulrotate>
        <centerX>-154</centerX>
        <centerY>3</centerY>
        <name>image2.png</name>
    </drawable>
    <drawable>
        <rotate>3</rotate>
        <direction>2</direction>
        <mulrotate>1</mulrotate>
        <centerX>-154</centerX>
        <centerY>3</centerY>
        <name>image3.png</name>
    </drawable>
    <drawable>
        <rotate>2</rotate>
        <direction>2</direction>
        <mulrotate>1</mulrotate>
        <centerX>-154</centerX>
        <centerY>3</centerY>
        <name>image4.png</name>
    </drawable>
    <drawable>
        <rotate>2</rotate>
        <direction>2</direction>
        <mulrotate>1</mulrotate>
        <centerX>-154</centerX>
        <centerY>3</centerY>
        <name>image5.png</name>
    </drawable>
    <drawable>
        <name>image6.png</name>
    </drawable>
    <drawable>
        <name>digital1.xml</name>
        <arraytype>8</arraytype>
        <centerX>-55</centerX>
        <centerY>4</centerY>
    </drawable>
    <drawable>
        <name>digital2.xml</name>
        <arraytype>7</arraytype>
        <centerX>-145</centerX>
        <centerY>4</centerY>
    </drawable>
    <drawable>
        <name>digital3.xml</name>
        <arraytype>12</arraytype>
        <centerX>477</centerX>
        <centerY>-94</centerY>
    </drawable>
    <drawable>
        <name>digital4.xml</name>
        <arraytype>12</arraytype>
        <centerX>77</centerX>
        <centerY>-94</centerY>
    </drawable>
    <drawable>
        <arraytype>100</arraytype>
        <centerX>77</centerX>
        <centerY>-94</centerY>
        <range>40</range>
        <cls>com.sprots.wiiteer.fitness.module.main.ui.MainActivity</cls>
        <pkg>com.sprots.wiiteer.fitness</pkg>
    </drawable>
    <drawable>
        <name>digital5.xml</name>
        <arraytype>11</arraytype>
        <centerX>123</centerX>
        <centerY>3</centerY>
    </drawable>
    <drawable>
        <name>digital6.xml</name>
        <arraytype>12</arraytype>
        <centerX>521</centerX>
        <centerY>3</centerY>
    </drawable>
    <drawable>
        <name>digital7.xml</name>
        <arraytype>13</arraytype>
        <centerX>77</centerX>
        <centerY>101</centerY>
    </drawable>
    <drawable>
        <name>digital8.xml</name>
        <arraytype>12</arraytype>
        <centerX>477</centerX>
        <centerY>101</centerY>
    </drawable>
    <drawable>
        <name>image7.png</name>
    </drawable>
</clockskin>
<!-- Created on WatchFace Designer 0.14.2 beta -->
<!-- Exported for Android 7.1+ Stock ClockSkin Engine -->
