<?xml version="1.0" encoding="utf-8"?>
<clockskin>
	<drawable>
		<name>image1.png</name>
	</drawable>
	<drawable>
		<name>digital1.xml</name>
		<arraytype>4</arraytype>
		<centerX>3</centerX>
		<centerY>-74</centerY>
	</drawable>
	<drawable>
		<name>image2.png</name>
	</drawable>
	<drawable>
		<name>small hand-sh_1.png</name>
		<rotate>2</rotate>
		<centerX>89</centerX>
		<centerY>3</centerY>
	</drawable>
	<drawable>
		<name>small hand_3.png</name>
		<rotate>2</rotate>
		<centerX>89</centerX>
	</drawable>
	<drawable>
		<name>small hand-sh_2.png</name>
		<rotate>3</rotate>
		<centerX>-87</centerX>
		<centerY>3</centerY>
		<mulrotate>2</mulrotate>
	</drawable>
	<drawable>
		<name>small hand_4.png</name>
		<rotate>3</rotate>
		<centerX>-87</centerX>
		<mulrotate>2</mulrotate>
	</drawable>
	<drawable>
		<name>image4.png</name>
	</drawable>
	<drawable>
		<name>small hand-sh.png</name>
		<rotate>6</rotate>
		<centerY>100</centerY>
		<mulrotate>2</mulrotate>
	</drawable>
	<drawable>
		<name>small hand.png</name>
		<rotate>6</rotate>
		<centerY>97</centerY>
		<mulrotate>2</mulrotate>
	</drawable>
	<drawable>
		<name>hour-sh.png</name>
		<rotate>1</rotate>
		<centerY>5</centerY>
	</drawable>
	<drawable>
		<name>hour.png</name>
		<rotate>1</rotate>
	</drawable>
	<drawable>
		<name>minute-sh.png</name>
		<rotate>2</rotate>
		<centerY>6</centerY>
	</drawable>
	<drawable>
		<name>minute.png</name>
		<rotate>2</rotate>
	</drawable>
	<drawable>
		<name>sec-sh.png</name>
		<rotate>3</rotate>
		<centerY>8</centerY>
	</drawable>
	<drawable>
		<name>sec.png</name>
		<rotate>3</rotate>
	</drawable>
	<drawable>
		<name>center.png</name>
	</drawable>
	<drawable>
		<name>shadow.png</name>
	</drawable>
<!--COMMENTED BY ClockSkinMaker
<metadata gui='rra' version='2.0.0.2'/>
-->
</clockskin>