<?xml version="1.0" encoding="utf-8"?>
<drawables>
     <image>animation_1_0.png</image>
     <image>animation_1_0.png</image>
     <image>animation_1_0.png</image>
     <image>animation_1_3.png</image>
     <image>animation_1_3.png</image>
     <image>animation_1_3.png</image>
     <image>animation_1_6.png</image>
     <image>animation_1_6.png</image>
     <image>animation_1_6.png</image>
     <image>animation_1_9.png</image>
     <image>animation_1_9.png</image>
     <image>animation_1_9.png</image>
     <image>animation_1_12.png</image>
     <image>animation_1_12.png</image>
     <image>animation_1_12.png</image>
</drawables>
