<?xml version="1.0" encoding="utf-8"?>
<clockskin>
	<drawable>
		<name>base_face.png</name>
	</drawable>
	<drawable>
		<name>power_hand.png</name>
		<rotate>6</rotate>
		<angle>66</angle>
		<startAngle>329</startAngle>
		<direction>2</direction>
	</drawable>
	<drawable>
		<name>hour_hand.png</name>
		<rotate>1</rotate>
	</drawable>
	<drawable>
		<name>minute_hand.png</name>
		<rotate>2</rotate>
		<centerX>-1</centerX>
		<centerY>-1</centerY>
	</drawable>
	<drawable>
		<name>second_hand.png</name>
		<rotate>3</rotate>
	</drawable>
	<drawable>
		<name>small_second_hand.png</name>
		<rotate>7</rotate>
		<centerY>90</centerY>
	</drawable>
<!--COMMENTED BY ClockSkinMaker
<metadata gui='rra' version='1.6.0.0'/>
-->
</clockskin>