<?xml version="1.0" encoding="utf-8"?>
<clockskin>
	<drawable>
		<name>image1.png</name>
	</drawable>
	<drawable>
		<name>digital15_2.xml</name>
		<arraytype>8</arraytype>
		<centerX>-269</centerX>
	</drawable>
	<drawable>
		<name>digital16_1.xml</name>
		<arraytype>8</arraytype>
		<centerX>100</centerX>
	</drawable>
	<drawable>
		<name>digital15.xml</name>
		<arraytype>9</arraytype>
		<centerX>-224</centerX>
	</drawable>
	<drawable>
		<name>digital16.xml</name>
		<arraytype>9</arraytype>
		<centerX>162</centerX>
	</drawable>
	<drawable>
		<name>digital15_1_1.xml</name>
		<arraytype>7</arraytype>
		<centerX>-340</centerX>
		<centerY>6</centerY>
	</drawable>
	<drawable>
		<name>digital15_1.xml</name>
		<arraytype>7</arraytype>
		<centerX>36</centerX>
		<centerY>6</centerY>
	</drawable>
	<drawable>
		<name>PRESTON.png</name>
	</drawable>
	<drawable>
		<name>kor.xml</name>
		<arraytype>12</arraytype>
		<centerX>81</centerX>
		<centerY>-77</centerY>
	</drawable>
        <drawable>
		<name>KM.xml</name>
		<arraytype>60</arraytype>
		<centerX>40</centerX>
		<centerY>-121</centerY>
	</drawable>
	<drawable>
		<name>KCAL.xml</name>
		<arraytype>54</arraytype>
		<centerX>81</centerX>
		<centerY>75</centerY>
	</drawable>
	<drawable>
		<name>digital14.xml</name>
		<arraytype>61</arraytype>
	</drawable>
	<drawable>
		<name>bat.xml</name>
		<arraytype>14</arraytype>
		<centerX>43</centerX>
		<centerY>-32</centerY>
	</drawable>
	<drawable>
		<name>day.xml</name>
		<arraytype>4</arraytype>
		<centerX>148</centerX>
	</drawable>
	<drawable>
		<name>ted.xml</name>
		<arraytype>5</arraytype>
	</drawable>
	<drawable>
		<name>mont.xml</name>
		<arraytype>3</arraytype>
		<centerX>75</centerX>
		<centerY>-1</centerY>
	</drawable>
	<drawable>
		<name>src.xml</name>
		<arraytype>13</arraytype>
		<centerX>37</centerX>
		<centerY>124</centerY>
	</drawable> 
        <drawable>
		<name>OUT.xml</name>
		<arraytype>80</arraytype>        
	</drawable>
	 <drawable>
		<name>HR.xml</name>
        <arraytype>81</arraytype>
		<mulrotate>1</mulrotate>
                <centerX>0</centerX>
		<centerY>0</centerY>
	</drawable>
	<drawable>
		<name>MIN.xml</name>
        <arraytype>82</arraytype>
		<mulrotate>1</mulrotate> 
                <centerX>0</centerX>
		<centerY>0</centerY>
	</drawable>
        <drawable>
		<name>SEC.xml</name>
		<arraytype>83</arraytype> 
		<mulrotate>1</mulrotate>
	</drawable> 
        <drawable>
        <arraytype>100</arraytype>
        <centerX>-56</centerX>
        <centerY>-168</centerY>
        <range>30</range>
        <cls>com.android.watchweather.MainNewActivity</cls>
        <pkg>com.android.watchweather</pkg>
    </drawable> 
    <drawable>
        <arraytype>100</arraytype>
        <centerX>135</centerX>
        <centerY>-107</centerY>
        <range>90</range>
        <cls>com.sprots.wiiteer.fitness.module.main.ui.MainActivity</cls>
        <pkg>com.sprots.wiiteer.fitness</pkg>
    </drawable>  
     <drawable>
        <arraytype>100</arraytype>
        <centerX>-58</centerX>
        <centerY>167</centerY>
        <range>90</range>
        <cls>com.android.settings.Settings</cls>
        <pkg>com.android.settings</pkg>
    </drawable>
     <drawable>
        <arraytype>100</arraytype>
        <centerX>122</centerX>
        <centerY>98</centerY>
        <range>40</range>
        <cls>bp.wt.com.androidp_contacts.activity.MainPhoneActivity</cls>
        <pkg>com.wiite.dbf.androidp_contacts</pkg>
    </drawable>     
<!--COMMENTED BY ClockSkinMaker
<metadata gui='rra' version='2.0.0.2'/>
-->
</clockskin>