<?xml version="1.0" encoding="utf-8"?>
<drawables>
	<image>mont_jan.png</image>
	<image>mont_feb.png</image>
	<image>mont_mar.png</image>
	<image>mont_apr.png</image>
	<image>mont_may.png</image>
	<image>mont_jun.png</image>
	<image>mont_jul.png</image>
	<image>mont_aug.png</image>
	<image>mont_sep.png</image>
	<image>mont_oct.png</image>
	<image>mont_nov.png</image>
	<image>mont_dec.png</image>
<!--COMMENTED BY ClockSkinMaker
<metadata gui='rra' version='2.0.0.2' type='array_month' autoscale='1' font='Arial Narrow' fontstyle='Bold' fontsize='14,18719'>
<content>January</content>
<content>February</content>
<content>March</content>
<content>April</content>
<content>May</content>
<content>June</content>
<content>July</content>
<content>August</content>
<content>Septenber</content>
<content>October</content>
<content>November</content>
<content>December</content>
</metadata>
-->
</drawables>