<?xml version="1.0" encoding="utf-8"?>
<drawables>
	<image>ted_sun.png</image>
	<image>ted_mon.png</image>
	<image>ted_tue.png</image>
	<image>ted_wed.png</image>
	<image>ted_thu.png</image>
	<image>ted_fri.png</image>
	<image>ted_sat.png</image>
<!--COMMENTED BY ClockSkinMaker
<metadata gui='rra' version='2.0.0.2' type='array_weekday' autoscale='1' font='Arial Narrow' fontstyle='Bold' fontsize='15,81743'>
<content>Sununday</content>
<content>Monday</content>
<content>Tuesday</content>
<content>Wednsday</content>
<content>Thursday</content>
<content>Friday</content>
<content>Saturday</content>
</metadata>
-->
</drawables>