<clockskin>
    <drawable>
        <name>image1.png</name>
    </drawable>
    <drawable>
        <name>image2.png</name>
        <rotate>4</rotate>
        <mulrotate>1</mulrotate>
        <centerX>75</centerX>
        <centerY>-74</centerY>
    </drawable>
    <drawable>
        <name>image3.png</name>
        <rotate>4</rotate>
        <direction>2</direction>
        <mulrotate>-13</mulrotate>
        <centerX>-70</centerX>
        <centerY>-74</centerY>
    </drawable>
    <drawable>
        <name>image4.png</name>
    </drawable>
    <drawable>
        <name>image5.png</name>
        <rotate>3</rotate>
        <mulrotate>3</mulrotate>
        <centerX>3</centerX>
        <centerY>103</centerY>
    </drawable>
    <drawable>
        <name>image6.png</name>
    </drawable>
    <drawable>
        <name>image7.png</name>
        <rotate>5</rotate>
        <mulrotate>1</mulrotate>
        <centerX>-83</centerX>
        <centerY>1</centerY>
    </drawable>
    <drawable>
        <name>image8.png</name>
        <rotate>3</rotate>
        <direction>2</direction>
        <mulrotate>1</mulrotate>
        <centerX>80</centerX>
        <centerY>6</centerY>
    </drawable>
    <drawable>
        <name>image9.png</name>
    </drawable>
    <drawable>
        <name>image10.png</name>
        <rotate>6</rotate>
        <mulrotate>1</mulrotate>
        <centerX>-2</centerX>
        <centerY>0</centerY>
    </drawable>
    <drawable>
        <name>image11.png</name>
    </drawable>
    <drawable>
        <name>digital1.xml</name>
        <arraytype>3</arraytype>
        <centerX>27</centerX>
        <centerY>-71</centerY>
    </drawable>
    <drawable>
        <name>digital2.xml</name>
        <arraytype>16</arraytype>
        <centerX>-27</centerX>
        <centerY>-72</centerY>
    </drawable>
    <drawable>
        <name>image12.png</name>
    </drawable>
    <drawable>
        <name>digital3.xml</name>
        <arraytype>9</arraytype>
        <centerX>132</centerX>
        <centerY>8</centerY>
    </drawable>
    <drawable>
        <name>image13.png</name>
        <rotate>1</rotate>
        <mulrotate>1</mulrotate>
    </drawable>
    <drawable>
        <name>image14.png</name>
        <rotate>2</rotate>
        <mulrotate>1</mulrotate>
    </drawable>
    <drawable>
        <name>image15.png</name>
        <rotate>3</rotate>
        <direction>2</direction>
        <mulrotate>1</mulrotate>
    </drawable>
</clockskin>
