<clockskin>
    <drawable>
        <name>image1.png</name>
    </drawable>
    <drawable>
        <name>digital1.xml</name>
        <arraytype>10</arraytype>
        <centerX>-48</centerX>
        <centerY>145</centerY>
    </drawable>
    <drawable>
        <name>digital2.xml</name>
        <arraytype>11</arraytype>
        <centerX>-46</centerX>
        <centerY>-151</centerY>
    </drawable>
    <drawable>
        <rotate>3</rotate>
        <direction>1</direction>
        <mulrotate>1</mulrotate>
        <centerX>34</centerX>
        <centerY>0</centerY>
        <name>image2.png</name>
    </drawable>
    <drawable>
        <rotate>13</rotate>
        <rotatemode>2</rotatemode>
        <startAngle>0</startAngle>
        <angle>117</angle>
        <direction>1</direction>
        <mulrotate>1</mulrotate>
        <centerX>-63</centerX>
        <centerY>1</centerY>
        <name>image3.png</name>
    </drawable>
    <drawable>
        <rotate>13</rotate>
        <rotatemode>1</rotatemode>
        <startAngle>0</startAngle>
        <angle>120</angle>
        <direction>1</direction>
        <mulrotate>1</mulrotate>
        <centerX>-63</centerX>
        <centerY>1</centerY>
        <name>image4.png</name>
    </drawable>
</clockskin>
<!-- Created on WatchFace Designer 0.14.2 beta -->
<!-- Exported for Android 7.1+ Stock ClockSkin Engine -->
