<clockskin>
    <drawable>
        <name>image1.png</name>
    </drawable>
    <drawable>
        <rotate>2</rotate>
        <direction>2</direction>
        <mulrotate>5</mulrotate>
        <centerX>0</centerX>
        <centerY>200</centerY>
        <name>image2.png</name>
    </drawable>
    <drawable>
        <name>image3.png</name>
    </drawable>
    <drawable>
        <name>digital1.xml</name>
        <arraytype>6</arraytype>
        <centerX>0</centerX>
        <centerY>125</centerY>
    </drawable>
    <drawable>
        <name>digital2.xml</name>
        <arraytype>3</arraytype>
        <centerX>-47</centerX>
        <centerY>25</centerY>
    </drawable>
    <drawable>
        <name>digital3.xml</name>
        <arraytype>4</arraytype>
        <centerX>-51</centerX>
        <centerY>37</centerY>
    </drawable>
    <drawable>
        <name>animated_image_1.xml</name>
        <framerate>17.00000000000000</framerate>
    </drawable>
</clockskin>
