<?xml version="1.0" encoding="utf-8"?>
<clockskin> 
	<drawable>
		<name>back_light.png</name>
		<rotate>3</rotate>
		<mulrotate>20</mulrotate>
	</drawable>
	<drawable>
		<name>hour_face.png</name>
		<rotate>1</rotate>
	</drawable>
	<drawable>
		<name>min_face.png</name>
		<rotate>2</rotate>
	</drawable>
		<drawable>
		<name>weekday.xml</name>
		<arraytype>5</arraytype>
	</drawable>
	<drawable>
		<centerX>-10</centerX>
		<centerY>90</centerY>
		<arraytype>99</arraytype>
	</drawable>
	<drawable>
		<name>top_light_dark.png</name>
		<rotate>3</rotate>
		<mulrotate>20</mulrotate>
	</drawable>
</clockskin>

