<?xml version="1.0" encoding="utf-8"?>
<clockskin>
	<drawable>
		<name>grund_std.png</name>
		<rotate>3</rotate>
		<centerY>390</centerY>
	</drawable>
	<drawable>
		<name>grund_min.png</name>
	</drawable>
	<drawable>
		<name>sekunde.png</name>
		<rotate>3</rotate>
	</drawable>
	<drawable>
		<name>minute.xml</name>
		<arraytype>8</arraytype>
		<centerX>-200</centerX>
	</drawable>
	<drawable>
		<name>torte.png</name>
		<rotate>2</rotate>
	</drawable>
	<drawable>
		<name>hour.xml</name>
		<arraytype>7</arraytype>
		<centerY>-5</centerY>
	</drawable>
	<drawable>
		<name>std_rahmen.png</name>
	</drawable>
<!--COMMENTED BY ClockSkinMaker
<metadata gui='rra' version='1.4.0.0'/>
-->
</clockskin>