<clockskin>
    <drawable>
        <name>image1.png</name>
    </drawable>
    <drawable>
        <name>image2.png</name>
        <rotate>3</rotate>
        <direction>2</direction>
        <mulrotate>-1</mulrotate>
    </drawable>
    <drawable>
        <name>image3.png</name>
    </drawable>
    <drawable>
        <name>digital1.xml</name>
        <arraytype>6</arraytype>
        <centerX>-723</centerX>
        <centerY>-172</centerY>
    </drawable>
    <drawable>
        <name>digital1.xml</name>
        <arraytype>6</arraytype>
        <centerX>-336</centerX>
        <centerY>-176</centerY>
    </drawable>
    <drawable>
        <name>digital1.xml</name>
        <arraytype>6</arraytype>
        <centerX>55</centerX>
        <centerY>-179</centerY>
    </drawable>
    <drawable>
        <name>digital1.xml</name>
        <arraytype>6</arraytype>
        <centerX>445</centerX>
        <centerY>-182</centerY>
    </drawable>
    <drawable>
        <name>digital1.xml</name>
        <arraytype>6</arraytype>
        <centerX>833</centerX>
        <centerY>-186</centerY>
    </drawable>
    <drawable>
        <name>image4.png</name>
        <rotate>1</rotate>
        <mulrotate>1</mulrotate>
    </drawable>
    <drawable>
        <name>image5.png</name>
        <rotate>2</rotate>
        <mulrotate>1</mulrotate>
    </drawable>
    <drawable>
        <name>image6.png</name>
        <rotate>3</rotate>
        <direction>2</direction>
        <mulrotate>-1</mulrotate>
    </drawable>
</clockskin>
