<?xml version="1.0" encoding="utf-8"?>
<drawables>
     <image>m00.png</image>
     <image>m01.png</image>
     <image>m02.png</image>
     <image>m03.png</image>
     <image>m04.png</image>
     <image>m05.png</image>
     <image>m06.png</image>
     <image>m07.png</image>
     <image>m08.png</image>
     <image>m09.png</image>
     <image>m10.png</image>
     <image>m11.png</image>
     <image>m12.png</image>
     <image>m13.png</image>
     <image>m14.png</image>
     <image>m15.png</image>
     <image>m16.png</image>
     <image>m17.png</image>
     <image>m18.png</image>
     <image>m19.png</image>
     <image>m20.png</image>
     <image>m21.png</image>
     <image>m22.png</image>
     <image>m23.png</image>
     <image>m24.png</image>
     <image>m25.png</image>
     <image>m26.png</image>
     <image>m27.png</image>
     <image>m28.png</image>
     <image>m29.png</image>
     <image>m30.png</image>
     <image>m31.png</image>
     <image>m32.png</image>
     <image>m33.png</image>
     <image>m34.png</image>
     <image>m35.png</image>
     <image>m36.png</image>
     <image>m37.png</image>
     <image>m38.png</image>
     <image>m39.png</image>
     <image>m40.png</image>
     <image>m41.png</image>
     <image>m42.png</image>
     <image>m43.png</image>
     <image>m44.png</image>
     <image>m45.png</image>
     <image>m46.png</image>
     <image>m47.png</image>
     <image>m48.png</image>
     <image>m49.png</image>
     <image>m50.png</image>
     <image>m51.png</image>
     <image>m52.png</image>
     <image>m53.png</image>
     <image>m54.png</image>
     <image>m55.png</image>
     <image>m56.png</image>
     <image>m57.png</image>
     <image>m58.png</image>
     <image>m59.png</image>
     <image>m60.png</image>
     <image>m61.png</image>
     <image>m62.png</image>
     <image>m63.png</image>
     <image>m64.png</image>
     <image>m65.png</image>
     <image>m66.png</image>
     <image>m67.png</image>
     <image>m68.png</image>
     <image>m69.png</image>
     <image>m70.png</image>
     <image>m71.png</image>
     <image>m72.png</image>
     <image>m73.png</image>
     <image>m74.png</image>
     <image>m75.png</image>
     <image>m76.png</image>
     <image>m77.png</image>
     <image>m78.png</image>
     <image>m79.png</image>
     <image>m80.png</image>
     <image>m81.png</image>
     <image>m82.png</image>
     <image>m83.png</image>
     <image>m84.png</image>
     <image>m85.png</image>
     <image>m86.png</image>
     <image>m87.png</image>
     <image>m88.png</image>
     <image>m89.png</image>
</drawables>
