<clockskin>
    <drawable>
        <name>image1.png</name>
    </drawable>
    <drawable>
        <rotate>6</rotate>
        <direction>1</direction>
        <mulrotate>1</mulrotate>
        <centerX>0</centerX>
        <centerY>-82</centerY>
        <name>image2.png</name>
    </drawable>
    <drawable>
        <rotate>6</rotate>
        <direction>1</direction>
        <mulrotate>1</mulrotate>
        <centerX>0</centerX>
        <centerY>-82</centerY>
        <name>image3.png</name>
    </drawable>
    <drawable>
        <rotate>6</rotate>
        <direction>1</direction>
        <mulrotate>1</mulrotate>
        <centerX>0</centerX>
        <centerY>-84</centerY>
        <name>image4.png</name>
    </drawable>
    <drawable>
        <name>image5.png</name>
    </drawable>
    <drawable>
        <rotate>5</rotate>
        <direction>1</direction>
        <mulrotate>1</mulrotate>
        <centerX>0</centerX>
        <centerY>86</centerY>
        <name>image6.png</name>
    </drawable>
    <drawable>
        <rotate>5</rotate>
        <direction>1</direction>
        <mulrotate>1</mulrotate>
        <centerX>0</centerX>
        <centerY>87</centerY>
        <name>image7.png</name>
    </drawable>
    <drawable>
        <name>image8.png</name>
    </drawable>
    <drawable>
        <rotate>5</rotate>
        <direction>1</direction>
        <mulrotate>1</mulrotate>
        <centerX>0</centerX>
        <centerY>86</centerY>
        <name>image9.png</name>
    </drawable>
    <drawable>
        <name>image10.png</name>
    </drawable>
    <drawable>
        <rotate>1</rotate>
        <direction>1</direction>
        <mulrotate>1</mulrotate>
        <centerX>-97</centerX>
        <centerY>0</centerY>
        <name>image11.png</name>
    </drawable>
    <drawable>
        <rotate>1</rotate>
        <direction>1</direction>
        <mulrotate>1</mulrotate>
        <centerX>-95</centerX>
        <centerY>0</centerY>
        <name>image12.png</name>
    </drawable>
    <drawable>
        <name>image13.png</name>
    </drawable>
    <drawable>
        <rotate>2</rotate>
        <direction>1</direction>
        <mulrotate>1</mulrotate>
        <centerX>94</centerX>
        <centerY>-1</centerY>
        <name>image14.png</name>
    </drawable>
    <drawable>
        <rotate>2</rotate>
        <direction>1</direction>
        <mulrotate>1</mulrotate>
        <centerX>92</centerX>
        <centerY>-1</centerY>
        <name>image15.png</name>
    </drawable>
    <drawable>
        <name>image16.png</name>
    </drawable>
    <drawable>
        <rotate>3</rotate>
        <direction>1</direction>
        <mulrotate>1</mulrotate>
        <name>image17.png</name>
    </drawable>
    <drawable>
        <name>image18.png</name>
    </drawable>
    <drawable>
        <rotate>1</rotate>
        <direction>1</direction>
        <mulrotate>1</mulrotate>
        <centerX>-95</centerX>
        <centerY>0</centerY>
        <name>image19.png</name>
    </drawable>
    <drawable>
        <rotate>2</rotate>
        <direction>1</direction>
        <mulrotate>1</mulrotate>
        <centerX>93</centerX>
        <centerY>-2</centerY>
        <name>image19.png</name>
    </drawable>
    <drawable>
        <name>image21.png</name>
    </drawable>
</clockskin>
