<?xml version="1.0" encoding="utf-8"?>
<drawables>
     <image>animation_6_0.png</image>
     <image>animation_6_1.png</image>
     <image>animation_6_2.png</image>
     <image>animation_6_3.png</image>
     <image>animation_6_4.png</image>
     <image>animation_6_5.png</image>
     <image>animation_6_6.png</image>
     <image>animation_6_7.png</image>
     <image>animation_6_8.png</image>
     <image>animation_6_9.png</image>
     <image>animation_6_10.png</image>
     <image>animation_6_11.png</image>
     <image>animation_6_12.png</image>
     <image>animation_6_13.png</image>
     <image>animation_6_14.png</image>
     <image>animation_6_15.png</image>
     <image>animation_6_16.png</image>
     <image>animation_6_17.png</image>
     <image>animation_6_18.png</image>
     <image>animation_6_19.png</image>
     <image>animation_6_20.png</image>
     <image>animation_6_21.png</image>
     <image>animation_6_22.png</image>
     <image>animation_6_23.png</image>
     <image>animation_6_24.png</image>
     <image>animation_6_25.png</image>
     <image>animation_6_26.png</image>
     <image>animation_6_27.png</image>
     <image>animation_6_28.png</image>
     <image>animation_6_29.png</image>
     <image>animation_6_30.png</image>
     <image>animation_6_31.png</image>
     <image>animation_6_32.png</image>
     <image>animation_6_33.png</image>
     <image>animation_6_34.png</image>
     <image>animation_6_35.png</image>
     <image>animation_6_36.png</image>
     <image>animation_6_37.png</image>
     <image>animation_6_38.png</image>
     <image>animation_6_39.png</image>
     <image>animation_6_40.png</image>
     <image>animation_6_41.png</image>
     <image>animation_6_42.png</image>
     <image>animation_6_43.png</image>
     <image>animation_6_44.png</image>
     <image>animation_6_45.png</image>
     <image>animation_6_46.png</image>
     <image>animation_6_47.png</image>
     <image>animation_6_48.png</image>
     <image>animation_6_49.png</image>
     <image>animation_6_50.png</image>
     <image>animation_6_51.png</image>
     <image>animation_6_52.png</image>
     <image>animation_6_53.png</image>
     <image>animation_6_54.png</image>
     <image>animation_6_55.png</image>
     <image>animation_6_56.png</image>
     <image>animation_6_57.png</image>
     <image>animation_6_58.png</image>
     <image>animation_6_59.png</image>
     <image>animation_6_60.png</image>
     <image>animation_6_61.png</image>
     <image>animation_6_62.png</image>
     <image>animation_6_63.png</image>
     <image>animation_6_64.png</image>
     <image>animation_6_65.png</image>
     <image>animation_6_66.png</image>
     <image>animation_6_67.png</image>
     <image>animation_6_68.png</image>
     <image>animation_6_69.png</image>
     <image>animation_6_70.png</image>
     <image>animation_6_71.png</image>
     <image>animation_6_72.png</image>
     <image>animation_6_73.png</image>
     <image>animation_6_74.png</image>
     <image>animation_6_75.png</image>
     <image>animation_6_76.png</image>
     <image>animation_6_77.png</image>
     <image>animation_6_78.png</image>
     <image>animation_6_79.png</image>
     <image>animation_6_80.png</image>
     <image>animation_6_81.png</image>
     <image>animation_6_82.png</image>
     <image>animation_6_83.png</image>
     <image>animation_6_84.png</image>
     <image>animation_6_85.png</image>
     <image>animation_6_86.png</image>
     <image>animation_6_87.png</image>
     <image>animation_6_88.png</image>
     <image>animation_6_89.png</image>
     <image>animation_6_90.png</image>
     <image>animation_6_91.png</image>
     <image>animation_6_92.png</image>
     <image>animation_6_93.png</image>
     <image>animation_6_94.png</image>
     <image>animation_6_95.png</image>
     <image>animation_6_96.png</image>
     <image>animation_6_97.png</image>
     <image>animation_6_98.png</image>
     <image>animation_6_99.png</image>
     <image>animation_6_100.png</image>
     <image>animation_6_101.png</image>
     <image>animation_6_102.png</image>
     <image>animation_6_103.png</image>
     <image>animation_6_104.png</image>
     <image>animation_6_105.png</image>
     <image>animation_6_106.png</image>
     <image>animation_6_107.png</image>
     <image>animation_6_108.png</image>
     <image>animation_6_109.png</image>
     <image>animation_6_110.png</image>
     <image>animation_6_111.png</image>
     <image>animation_6_112.png</image>
     <image>animation_6_113.png</image>
     <image>animation_6_114.png</image>
     <image>animation_6_115.png</image>
     <image>animation_6_116.png</image>
     <image>animation_6_117.png</image>
     <image>animation_6_118.png</image>
     <image>animation_6_119.png</image>
</drawables>
