<clockskin>
    <drawable>
        <name>image1.png</name>
    </drawable>
    <drawable>
        <rotate>3</rotate>
        <mulrotate>1</mulrotate>
        <centerX>-68</centerX>
        <centerY>70</centerY>
        <name>image2.png</name>
    </drawable>
    <drawable>
        <rotate>7</rotate>
        <mulrotate>1</mulrotate>
        <centerX>68</centerX>
        <centerY>70</centerY>
        <name>image2.png</name>
    </drawable>
    <drawable>
        <rotate>3</rotate>
        <mulrotate>1</mulrotate>
        <centerX>-65</centerX>
        <centerY>72</centerY>
        <name>image4.png</name>
    </drawable>
    <drawable>
        <rotate>7</rotate>
        <mulrotate>1</mulrotate>
        <centerX>71</centerX>
        <centerY>72</centerY>
        <name>image4.png</name>
    </drawable>
    <drawable>
        <name>animated_image_1.xml</name>
        <framerate>0.00138888888889</framerate>
        <centerX>68</centerX>
        <centerY>70</centerY>
        <rotate>7</rotate>
        <mulrotate>1</mulrotate>
    </drawable>
    <drawable>
        <name>animated_image_2.xml</name>
        <framerate>2.00000000000000</framerate>
        <centerX>-68</centerX>
        <centerY>70</centerY>
        <rotate>3</rotate>
        <mulrotate>1</mulrotate>
    </drawable>
    <drawable>
        <name>image6.png</name>
    </drawable>
    <drawable>
        <rotate>1</rotate>
        <mulrotate>24</mulrotate>
        <centerX>3</centerX>
        <centerY>71</centerY>
        <name>image7.png</name>
    </drawable>
    <drawable>
        <name>animated_image_3.xml</name>
        <framerate>0.06666666666667</framerate>
        <centerX>0</centerX>
        <centerY>69</centerY>
        <rotate>1</rotate>
        <mulrotate>24</mulrotate>
    </drawable>
    <drawable>
        <rotate>2</rotate>
        <mulrotate>1</mulrotate>
        <centerX>416</centerX>
        <centerY>24</centerY>
        <name>image8.png</name>
    </drawable>
    <drawable>
        <rotate>1</rotate>
        <mulrotate>1</mulrotate>
        <centerX>6</centerX>
        <centerY>5</centerY>
        <name>image9.png</name>
    </drawable>
    <drawable>
        <name>animated_image_4.xml</name>
        <framerate>0.00277777777778</framerate>
        <rotate>1</rotate>
        <mulrotate>1</mulrotate>
    </drawable>
    <drawable>
        <rotate>2</rotate>
        <mulrotate>1</mulrotate>
        <centerX>11</centerX>
        <centerY>5</centerY>
        <name>image10.png</name>
    </drawable>
    <drawable>
        <name>animated_image_5.xml</name>
        <framerate>0.03333333333333</framerate>
        <rotate>2</rotate>
        <mulrotate>1</mulrotate>
    </drawable>
    <drawable>
        <rotate>3</rotate>
        <mulrotate>1</mulrotate>
        <movement>2</movement>
        <centerX>9</centerX>
        <centerY>9</centerY>
        <name>image11.png</name>
    </drawable>
    <drawable>
        <name>animated_image_6.xml</name>
        <framerate>2.00000000000000</framerate>
        <rotate>3</rotate>
        <mulrotate>1</mulrotate>
        <movement>2</movement>
    </drawable>
    <drawable>
        <name>image12.png</name>
    </drawable>
</clockskin>
<!-- Created on WatchFace Designer 0.14.2 beta. -->
<!-- Exported for Universal Launcher -->
