<clockskin>
    <drawable>
        <name>image1.png</name>
    </drawable>
    <drawable>
        <rotate>3</rotate>
        <direction>2</direction>
        <mulrotate>20</mulrotate>
        <centerX>0</centerX>
        <centerY>-180</centerY>
        <name>image2.png</name>
    </drawable>
    <drawable>
        <rotate>3</rotate>
        <direction>2</direction>
        <mulrotate>20</mulrotate>
        <centerX>180</centerX>
        <centerY>0</centerY>
        <name>image3.png</name>
    </drawable>
    <drawable>
        <rotate>3</rotate>
        <direction>2</direction>
        <mulrotate>20</mulrotate>
        <centerX>0</centerX>
        <centerY>180</centerY>
        <name>image2.png</name>
    </drawable>
    <drawable>
        <rotate>3</rotate>
        <direction>2</direction>
        <mulrotate>20</mulrotate>
        <centerX>-180</centerX>
        <centerY>0</centerY>
        <name>image2.png</name>
    </drawable>
    <drawable>
        <name>image6.png</name>
    </drawable>
    <drawable>
        <rotate>3</rotate>
        <direction>1</direction>
        <mulrotate>3</mulrotate>
        <name>image7.png</name>
    </drawable>
    <drawable>
        <name>image8.png</name>
    </drawable>
    <drawable>
        <name>digital1.xml</name>
        <arraytype>3</arraytype>
    </drawable>
    <drawable>
        <name>digital2.xml</name>
        <arraytype>61</arraytype>
    </drawable>
    <drawable>
        <name>digital5.xml</name>
        <arraytype>6</arraytype>
        <centerX>141</centerX>
        <centerY>35</centerY>
    </drawable>
    <drawable>
        <name>digital22.xml</name>
        <arraytype>63</arraytype>
    </drawable>
    <drawable>
        <name>digital6.xml</name>
        <arraytype>14</arraytype>
        <centerX>94</centerX>
        <centerY>0</centerY>
    </drawable>
    <drawable>
        <name>image10.png</name>
    </drawable>
    <drawable>
        <name>digital7.xml</name>
        <arraytype>6</arraytype>
        <centerX>0</centerX>
        <centerY>-105</centerY>
    </drawable>
    <drawable>
        <name>digital8.xml</name>
        <arraytype>9</arraytype>
        <centerX>0</centerX>
        <centerY>-57</centerY>
    </drawable>
    <drawable>
        <name>digital9.xml</name>
        <arraytype>4</arraytype>
        <centerX>-126</centerX>
        <centerY>-4</centerY>
    </drawable>
    <drawable>
        <name>digital10.xml</name>
        <arraytype>5</arraytype>
        <centerX>-104</centerX>
        <centerY>26</centerY>
    </drawable>
    <drawable>
        <name>image11.png</name>
    </drawable>
    <drawable>
        <name>digital11.xml</name>
        <arraytype>19</arraytype>
        <centerX>0</centerX>
        <centerY>114</centerY>
    </drawable>
    <drawable>
        <name>digital12.xml</name>
        <arraytype>10</arraytype>
        <centerX>32</centerX>
        <centerY>59</centerY>
    </drawable>
    <drawable>
        <name>digital13.xml</name>
        <arraytype>11</arraytype>
        <centerX>-41</centerX>
        <centerY>59</centerY>
    </drawable>
    <drawable>
        <name>image12.png</name>
    </drawable>
</clockskin>
<!-- Created on WatchFace Designer 0.14.2 beta -->
<!-- Exported for Android 7.1+ Stock ClockSkin Engine -->
