<clockskin>
    <drawable>
        <name>image1.png</name>
    </drawable>
    <drawable>
        <rotate>3</rotate>
        <mulrotate>3</mulrotate>
        <centerX>-5</centerX>
        <centerY>-11</centerY>
        <name>image2.png</name>
    </drawable>
    <drawable>
        <name>image3.png</name>
    </drawable>
    <drawable>
        <rotate>6</rotate>
        <mulrotate>-3</mulrotate>
        <centerX>36</centerX>
        <centerY>42</centerY>
        <name>image4.png</name>
    </drawable>
    <drawable>
        <name>image5.png</name>
    </drawable>
    <drawable>
        <name>animated_image_1.xml</name>
        <framerate>8.00000000000000</framerate>
        <centerX>92</centerX>
        <centerY>250</centerY>
    </drawable>
    <drawable>
        <name>image6.png</name>
    </drawable>
    <drawable>
        <rotate>1</rotate>
        <mulrotate>1</mulrotate>
        <centerX>7</centerX>
        <centerY>-10</centerY>
        <name>image7.png</name>
    </drawable>
    <drawable>
        <rotate>2</rotate>
        <mulrotate>1</mulrotate>
        <centerX>71</centerX>
        <centerY>-10</centerY>
        <name>image8.png</name>
    </drawable>
    <drawable>
        <name>image9.png</name>
    </drawable>
    <drawable>
        <name>digital1.xml</name>
        <arraytype>5</arraytype>
        <centerX>-24</centerX>
        <centerY>166</centerY>
    </drawable>
    <drawable>
        <name>digital2.xml</name>
        <arraytype>4</arraytype>
        <centerX>33</centerX>
        <centerY>166</centerY>
    </drawable>
</clockskin>
