<?xml version="1.0" encoding="utf-8"?>
<clockskin>
	<drawable>
		<name>battery_circle.png</name>
	</drawable>
	<drawable>
		<name>battery.png</name>
		<rotate>6</rotate>
		<direction>2</direction>
	</drawable>
	<drawable>
		<name>face.png</name>
	</drawable>
	<drawable>
		<name>pedometer.xml</name>
		<centerX>0</centerX>
		<centerY>-50</centerY>
		<arraytype>12</arraytype>
	</drawable>
	<drawable>
		<name>pedometer_mask.png</name>
		<centerX>0</centerX>
		<centerY>-15</centerY>
	</drawable>
	<drawable>
		<name>hours.xml</name>
		<centerX>-121</centerX>
		<centerY>65</centerY>
		<arraytype>7</arraytype>
	</drawable>
	<drawable>
		<name>minutes.xml</name>
		<centerX>-35</centerX>
		<centerY>65</centerY>
		<arraytype>8</arraytype>
	</drawable>
	<drawable>
		<name>heart.xml</name>
		<centerX>121</centerX>
		<centerY>65</centerY>
		<arraytype>13</arraytype>
	</drawable>
	<drawable>
		<name>seconds.xml</name>
		<centerX>-200</centerX>
		<centerY>150</centerY>
		<arraytype>9</arraytype>
	</drawable>
<!--COMMENTED BY ClockSkinMaker
<metadata gui='rra' version='1.4.0.0'/>
-->
</clockskin>