<clockskin>
    <drawable>
        <name>image1.png</name>
    </drawable>
    <drawable>
        <name>animated_image_1.xml</name>
        <framerate>8.00000000000000</framerate>
        <centerX>-1</centerX>
        <centerY>142</centerY>
    </drawable>
    <drawable>
        <name>animated_image_2.xml</name>
        <framerate>10.00000000000000</framerate>
        <centerX>5</centerX>
        <centerY>92</centerY>
    </drawable>
    <drawable>
        <name>animated_image_3.xml</name>
        <framerate>15.00000000000000</framerate>
        <centerX>-55</centerX>
        <centerY>-83</centerY>
    </drawable>
    <drawable>
        <name>image2.png</name>
    </drawable>
    <drawable>
        <name>animated_image_4.xml</name>
        <framerate>15.00000000000000</framerate>
        <centerX>-76</centerX>
        <centerY>-126</centerY>
    </drawable>
    <drawable>
        <name>animated_image_5.xml</name>
        <framerate>15.00000000000000</framerate>
        <centerX>80</centerX>
        <centerY>-126</centerY>
    </drawable>
    <drawable>
        <name>image3.png</name>
    </drawable>
    <drawable>
        <name>digital1.xml</name>
        <arraytype>6</arraytype>
        <centerX>-98</centerX>
        <centerY>42</centerY>
    </drawable>
    <drawable>
        <name>digital2.xml</name>
        <arraytype>14</arraytype>
        <centerX>123</centerX>
        <centerY>79</centerY>
    </drawable>
    <drawable>
        <name>digital3.xml</name>
        <arraytype>4</arraytype>
        <centerX>108</centerX>
        <centerY>46</centerY>
    </drawable>
    <drawable>
        <name>digital4.xml</name>
        <arraytype>3</arraytype>
        <centerX>159</centerX>
        <centerY>46</centerY>
    </drawable>
    <drawable>
        <name>digital5.xml</name>
        <arraytype>6</arraytype>
        <centerX>-14</centerX>
        <centerY>49</centerY>
    </drawable>
    <drawable>
        <name>digital6.xml</name>
        <arraytype>5</arraytype>
        <centerX>87</centerX>
        <centerY>16</centerY>
    </drawable>
    <drawable>
        <name>digital7.xml</name>
        <arraytype>12</arraytype>
        <centerX>0</centerX>
        <centerY>178</centerY>
    </drawable>
    <drawable>
        <name>image4.png</name>
    </drawable>
</clockskin>
