<clockskin>
    <drawable>
        <name>image1.png</name>
    </drawable>
    <drawable>
        <name>digital1.xml</name>
        <arraytype>12</arraytype>
        <centerX>-800</centerX>
        <centerY>0</centerY>
    </drawable>
    <drawable>
        <name>digital2.xml</name>
        <arraytype>12</arraytype>
        <centerX>-400</centerX>
        <centerY>0</centerY>
    </drawable>
    <drawable>
        <name>digital3.xml</name>
        <arraytype>12</arraytype>
        <centerX>-400</centerX>
        <centerY>0</centerY>
    </drawable>
    <drawable>
        <name>digital4.xml</name>
        <arraytype>12</arraytype>
    </drawable>
    <drawable>
        <name>image2.png</name>
    </drawable>
    <drawable>
        <name>digital5.xml</name>
        <arraytype>7</arraytype>
        <centerX>-63</centerX>
        <centerY>-22</centerY>
    </drawable>
    <drawable>
        <name>digital6.xml</name>
        <arraytype>8</arraytype>
        <centerX>66</centerX>
        <centerY>-23</centerY>
    </drawable>
    <drawable>
        <name>digital7.xml</name>
        <arraytype>6</arraytype>
        <centerX>-4</centerX>
        <centerY>-37</centerY>
    </drawable>
    <drawable>
        <name>digital8.xml</name>
        <arraytype>9</arraytype>
        <centerX>75</centerX>
        <centerY>44</centerY>
    </drawable>
    <drawable>
        <name>digital9.xml</name>
        <arraytype>12</arraytype>
        <centerX>-63</centerX>
        <centerY>47</centerY>
    </drawable>
    <drawable>
        <name>digital10.xml</name>
        <arraytype>13</arraytype>
        <centerX>-52</centerX>
        <centerY>88</centerY>
    </drawable>
    <drawable>
        <name>digital11.xml</name>
        <arraytype>11</arraytype>
        <centerX>-39</centerX>
        <centerY>128</centerY>
    </drawable>
    <drawable>
        <name>digital12.xml</name>
        <arraytype>2</arraytype>
        <centerX>2</centerX>
        <centerY>-97</centerY>
    </drawable>
    <drawable>
        <name>digital13.xml</name>
        <arraytype>14</arraytype>
        <centerX>44</centerX>
        <centerY>88</centerY>
    </drawable>
    <drawable>
        <name>image3.png</name>
    </drawable>
    <drawable>
        <rotate>3</rotate>
        <direction>2</direction>
        <mulrotate>2</mulrotate>
        <centerX>0</centerX>
        <centerY>314</centerY>
        <name>image4.png</name>
    </drawable>
    <drawable>
        <name>image5.png</name>
    </drawable>
</clockskin>
