<clockskin>
    <drawable>
        <rotate>3</rotate>
        <mulrotate>24</mulrotate>
        <name>image1.png</name>
    </drawable>
    <drawable>
        <name>image2.png</name>
    </drawable>
    <drawable>
        <name>animated_image_1.xml</name>
        <framerate>10.00000000000000</framerate>
    </drawable>
    <drawable>
        <rotate>3</rotate>
        <mulrotate>24</mulrotate>
        <name>image3.png</name>
    </drawable>
    <drawable>
        <name>image4.png</name>
    </drawable>
    <drawable>
        <rotate>3</rotate>
        <mulrotate>24</mulrotate>
        <name>image5.png</name>
    </drawable>
    <drawable>
        <rotate>3</rotate>
        <mulrotate>24</mulrotate>
        <name>image6.png</name>
    </drawable>
    <drawable>
        <name>animated_image_2.xml</name>
        <framerate>0.00027777777778</framerate>
        <rotate>3</rotate>
        <mulrotate>24</mulrotate>
    </drawable>
    <drawable>
        <name>animated_image_3.xml</name>
        <framerate>2.00000000000000</framerate>
        <rotate>3</rotate>
        <mulrotate>24</mulrotate>
    </drawable>
    <drawable>
        <name>animated_image_4.xml</name>
        <framerate>0.01666666666667</framerate>
        <rotate>3</rotate>
        <mulrotate>24</mulrotate>
    </drawable>
</clockskin>
