<clockskin>
    <drawable>
        <name>digital1.xml</name>
        <arraytype>6</arraytype>
        <centerX>0</centerX>
        <centerY>-16</centerY>
    </drawable>
    <drawable>
        <name>digital2.xml</name>
        <arraytype>6</arraytype>
        <centerX>0</centerX>
        <centerY>-16</centerY>
    </drawable>
    <drawable>
        <name>digital3.xml</name>
        <arraytype>6</arraytype>
        <centerX>0</centerX>
        <centerY>-16</centerY>
    </drawable>
    <drawable>
        <name>digital4.xml</name>
        <arraytype>6</arraytype>
        <centerX>0</centerX>
        <centerY>-16</centerY>
    </drawable>
    <drawable>
        <name>digital5.xml</name>
        <arraytype>6</arraytype>
    </drawable>
    <drawable>
        <name>digital6.xml</name>
        <arraytype>6</arraytype>
    </drawable>
    <drawable>
        <color>1</color>
        <name>animated_image_1.xml</name>
        <arraytype>62</arraytype>
    </drawable>
    <drawable>
        <name>image1.png</name>
    </drawable>
    <drawable>
        <name>digital7.xml</name>
        <arraytype>8</arraytype>
        <centerX>3</centerX>
        <centerY>86</centerY>
    </drawable>
    <drawable>
        <name>digital8.xml</name>
        <arraytype>7</arraytype>
        <centerX>-62</centerX>
        <centerY>86</centerY>
    </drawable>
    <drawable>
        <name>digital9.xml</name>
        <arraytype>63</arraytype>
        <centerX>0</centerX>
        <centerY>0</centerY>
    </drawable>
    <drawable>
        <arraytype>100</arraytype>
        <centerX>0</centerX>
        <centerY>0</centerY>
        <range>40</range>
        <cls>com.android.dialer.DialtactsWearActivity</cls>
        <pkg>com.android.dialer</pkg>
    </drawable>
    <drawable>
	<arraytype>100</arraytype>
	<centerX>0</centerX>
	<centerY>-180</centerY>
	<range>40</range>
	<cls>com.google.android.apps.googleassistant.AssistantActivity</cls>
	<pkg>com.google.android.apps.googleassistant</pkg>
    </drawable>
    <drawable>
	<arraytype>100</arraytype>
	<centerX>-160</centerX>
	<centerY>80</centerY>
	<range>40</range>
	<cls>com.wiite.wiite_heartrate.MainActivity</cls>
	<pkg>com.wiite.wiite_heartrate</pkg>
    </drawable>
    <drawable>
	<arraytype>100</arraytype>
	<centerX>-180</centerX>
	<centerY>0</centerY>
	<range>40</range>
	<cls>com.wiite.wiite_bloodoxygen.MainActivity</cls>
	<pkg>com.wiite.wiite_bloodoxygen</pkg>
    </drawable>
    <drawable>
	<arraytype>100</arraytype>
	<centerX>-100</centerX>
	<centerY>-160</centerY>
	<range>40</range>
	<cls>com.google.android.gm.ConversationListActivityGmail</cls>
	<pkg>com.google.android.gm</pkg>
    </drawable>
    <drawable>
	<arraytype>100</arraytype>
	<centerX>0</centerX>
	<centerY>180</centerY>
	<range>40</range>
	<cls>com.samsung.android.app.watchmanager.setupwizard.SetupWizardWelcomeActivity</cls>
	<pkg>com.samsung.android.app.watchmanager</pkg>
    </drawable>
    <drawable>
	<arraytype>100</arraytype>
	<centerX>-100</centerX>
	<centerY>160</centerY>
	<range>40</range>
	<cls>mobi.freeapps.flashlight.free.FlashlightFree</cls>
	<pkg>mobi.freeapps.flashlight.free</pkg>
    </drawable>
    <drawable>
	<arraytype>100</arraytype>
	<centerX>160</centerX>
	<centerY>-80</centerY>
	<range>40</range>
	<cls>com.android.mms.ui.BootActivity</cls>
        <pkg>com.android.mms</pkg>
    </drawable>
    <drawable>
	<arraytype>100</arraytype>
	<centerX>180</centerX>
	<centerY>0</centerY>
	<range>40</range>
	<cls>com.android.camera.CameraLauncher</cls>
	<pkg>com.wiite.camera</pkg>
    </drawable>
    <drawable>
	<arraytype>100</arraytype>
	<centerX>100</centerX>
	<centerY>160</centerY>
	<range>40</range>
	<cls>com.google.android.maps.MapsActivity</cls>
	<pkg>com.google.android.apps.maps</pkg>
    </drawable>
    <drawable>
	<arraytype>100</arraytype>
	<centerX>100</centerX>
	<centerY>-160</centerY>
	<range>40</range>
	<cls>bp.wt.com.androidp_contacts.activity.MainContactsActivity</cls>
	<pkg>com.wiite.dbf.androidp_contacts</pkg>
    </drawable>
    <drawable>
	<arraytype>100</arraytype>
	<centerX>-160</centerX>
	<centerY>-80</centerY>
	<range>40</range>
	<cls>com.android.vending.AssetBrowserActivity</cls>
	<pkg>com.android.vending</pkg>
    </drawable>
    <drawable>
	<arraytype>100</arraytype>
	<centerX>160</centerX>
	<centerY>80</centerY>
	<range>40</range>
	<cls>com.android.settings.Settings</cls>
	<pkg>com.android.settings</pkg>
    </drawable>
</clockskin>
<!-- Created on WatchFace Designer 0.14.2 beta -->
<!-- Exported for Android 7.1+ Stock ClockSkin Engine -->
