<?xml version="1.0" encoding="utf-8"?>
<clockskin>
	<drawable>
		<name>background.png</name>
	</drawable>
	<drawable>
		<name>smal hand-sh_1.png</name>
		<rotate>2</rotate>
		<centerX>-75</centerX>
		<centerY>1</centerY>
	</drawable>
	<drawable>
		<name>smal hand_1.png</name>
		<rotate>2</rotate>
		<centerX>-76</centerX>
	</drawable>
	<drawable>
		<name>smal hand-sh_2.png</name>
		<rotate>6</rotate>
		<centerX>1</centerX>
		<centerY>74</centerY>
		<mulrotate>2</mulrotate>
	</drawable>
	<drawable>
		<name>smal hand_2.png</name>
		<rotate>6</rotate>
		<centerY>73</centerY>
		<mulrotate>2</mulrotate>
	</drawable>
	<drawable>
		<name>smal hand-sh.png</name>
		<rotate>7</rotate>
		<centerX>77</centerX>
		<centerY>1</centerY>
	</drawable>
	<drawable>
		<name>smal hand.png</name>
		<rotate>7</rotate>
		<centerX>76</centerX>
	</drawable>
	<drawable>
		<name>hour-sh.png</name>
		<rotate>1</rotate>
		<centerX>2</centerX>
		<centerY>2</centerY>
	</drawable>
	<drawable>
		<name>hour.png</name>
		<rotate>1</rotate>
	</drawable>
	<drawable>
		<name>minute-sh.png</name>
		<rotate>2</rotate>
		<centerX>3</centerX>
		<centerY>3</centerY>
	</drawable>
	<drawable>
		<name>sec-sh.png</name>
		<rotate>3</rotate>
		<centerX>4</centerX>
		<centerY>4</centerY>
	</drawable>
	<drawable>
		<name>minute.png</name>
		<rotate>2</rotate>
	</drawable>
	<drawable>
		<name>sec.png</name>
		<rotate>3</rotate>
	</drawable>
	<drawable>
		<name>shadow 4.png</name>
	</drawable>
<!--COMMENTED BY ClockSkinMaker
<metadata gui='rra' version='2.0.0.2'/>
-->
</clockskin>