<?xml version="1.0" encoding="utf-8"?>
<drawables>
     <image>animation_3_0.png</image>
     <image>animation_3_1.png</image>
     <image>animation_3_2.png</image>
     <image>animation_3_3.png</image>
     <image>animation_3_4.png</image>
     <image>animation_3_5.png</image>
     <image>animation_3_6.png</image>
     <image>animation_3_7.png</image>
     <image>animation_3_8.png</image>
     <image>animation_3_9.png</image>
     <image>animation_3_10.png</image>
     <image>animation_3_11.png</image>
     <image>animation_3_12.png</image>
     <image>animation_3_13.png</image>
     <image>animation_3_14.png</image>
     <image>animation_3_15.png</image>
     <image>animation_3_16.png</image>
     <image>animation_3_17.png</image>
     <image>animation_3_18.png</image>
     <image>animation_3_19.png</image>
     <image>animation_3_20.png</image>
     <image>animation_3_21.png</image>
     <image>animation_3_22.png</image>
     <image>animation_3_23.png</image>
     <image>animation_3_24.png</image>
     <image>animation_3_25.png</image>
     <image>animation_3_26.png</image>
     <image>animation_3_27.png</image>
     <image>animation_3_28.png</image>
     <image>animation_3_29.png</image>
     <image>animation_3_30.png</image>
     <image>animation_3_31.png</image>
     <image>animation_3_32.png</image>
     <image>animation_3_33.png</image>
     <image>animation_3_34.png</image>
     <image>animation_3_35.png</image>
     <image>animation_3_36.png</image>
     <image>animation_3_37.png</image>
     <image>animation_3_38.png</image>
     <image>animation_3_39.png</image>
     <image>animation_3_40.png</image>
     <image>animation_3_41.png</image>
     <image>animation_3_42.png</image>
     <image>animation_3_43.png</image>
     <image>animation_3_44.png</image>
     <image>animation_3_45.png</image>
     <image>animation_3_46.png</image>
     <image>animation_3_47.png</image>
     <image>animation_3_48.png</image>
     <image>animation_3_49.png</image>
     <image>animation_3_50.png</image>
     <image>animation_3_51.png</image>
     <image>animation_3_52.png</image>
     <image>animation_3_53.png</image>
     <image>animation_3_54.png</image>
     <image>animation_3_55.png</image>
     <image>animation_3_56.png</image>
     <image>animation_3_57.png</image>
     <image>animation_3_58.png</image>
     <image>animation_3_59.png</image>
     <image>animation_3_60.png</image>
     <image>animation_3_61.png</image>
     <image>animation_3_62.png</image>
     <image>animation_3_63.png</image>
     <image>animation_3_64.png</image>
     <image>animation_3_65.png</image>
     <image>animation_3_66.png</image>
     <image>animation_3_67.png</image>
     <image>animation_3_68.png</image>
     <image>animation_3_69.png</image>
     <image>animation_3_70.png</image>
     <image>animation_3_71.png</image>
     <image>animation_3_72.png</image>
     <image>animation_3_73.png</image>
     <image>animation_3_74.png</image>
     <image>animation_3_75.png</image>
     <image>animation_3_76.png</image>
     <image>animation_3_77.png</image>
     <image>animation_3_78.png</image>
     <image>animation_3_79.png</image>
     <image>animation_3_80.png</image>
     <image>animation_3_81.png</image>
     <image>animation_3_82.png</image>
     <image>animation_3_83.png</image>
     <image>animation_3_84.png</image>
     <image>animation_3_85.png</image>
     <image>animation_3_86.png</image>
     <image>animation_3_87.png</image>
     <image>animation_3_88.png</image>
     <image>animation_3_89.png</image>
     <image>animation_3_90.png</image>
     <image>animation_3_91.png</image>
     <image>animation_3_92.png</image>
     <image>animation_3_93.png</image>
     <image>animation_3_94.png</image>
     <image>animation_3_95.png</image>
     <image>animation_3_96.png</image>
     <image>animation_3_97.png</image>
     <image>animation_3_98.png</image>
     <image>animation_3_99.png</image>
     <image>animation_3_100.png</image>
     <image>animation_3_101.png</image>
     <image>animation_3_102.png</image>
     <image>animation_3_103.png</image>
     <image>animation_3_104.png</image>
     <image>animation_3_105.png</image>
     <image>animation_3_106.png</image>
     <image>animation_3_107.png</image>
     <image>animation_3_108.png</image>
     <image>animation_3_109.png</image>
     <image>animation_3_110.png</image>
     <image>animation_3_111.png</image>
     <image>animation_3_112.png</image>
     <image>animation_3_113.png</image>
     <image>animation_3_114.png</image>
     <image>animation_3_115.png</image>
     <image>animation_3_116.png</image>
     <image>animation_3_117.png</image>
     <image>animation_3_118.png</image>
     <image>animation_3_119.png</image>
     <image>animation_3_120.png</image>
     <image>animation_3_121.png</image>
     <image>animation_3_122.png</image>
     <image>animation_3_123.png</image>
     <image>animation_3_124.png</image>
     <image>animation_3_125.png</image>
     <image>animation_3_126.png</image>
     <image>animation_3_127.png</image>
     <image>animation_3_128.png</image>
     <image>animation_3_129.png</image>
     <image>animation_3_130.png</image>
     <image>animation_3_131.png</image>
     <image>animation_3_132.png</image>
     <image>animation_3_133.png</image>
     <image>animation_3_134.png</image>
     <image>animation_3_135.png</image>
     <image>animation_3_136.png</image>
     <image>animation_3_137.png</image>
     <image>animation_3_138.png</image>
     <image>animation_3_139.png</image>
     <image>animation_3_140.png</image>
     <image>animation_3_141.png</image>
     <image>animation_3_142.png</image>
     <image>animation_3_143.png</image>
     <image>animation_3_144.png</image>
     <image>animation_3_145.png</image>
     <image>animation_3_146.png</image>
     <image>animation_3_147.png</image>
     <image>animation_3_148.png</image>
     <image>animation_3_149.png</image>
     <image>animation_3_150.png</image>
     <image>animation_3_151.png</image>
     <image>animation_3_152.png</image>
     <image>animation_3_153.png</image>
     <image>animation_3_154.png</image>
     <image>animation_3_155.png</image>
     <image>animation_3_156.png</image>
     <image>animation_3_157.png</image>
     <image>animation_3_158.png</image>
     <image>animation_3_159.png</image>
     <image>animation_3_160.png</image>
     <image>animation_3_161.png</image>
     <image>animation_3_162.png</image>
     <image>animation_3_163.png</image>
     <image>animation_3_164.png</image>
     <image>animation_3_165.png</image>
     <image>animation_3_166.png</image>
     <image>animation_3_167.png</image>
     <image>animation_3_168.png</image>
     <image>animation_3_169.png</image>
     <image>animation_3_170.png</image>
     <image>animation_3_171.png</image>
     <image>animation_3_172.png</image>
     <image>animation_3_173.png</image>
     <image>animation_3_174.png</image>
     <image>animation_3_175.png</image>
     <image>animation_3_176.png</image>
     <image>animation_3_177.png</image>
     <image>animation_3_178.png</image>
     <image>animation_3_179.png</image>
     <image>animation_3_180.png</image>
     <image>animation_3_181.png</image>
     <image>animation_3_182.png</image>
     <image>animation_3_183.png</image>
     <image>animation_3_184.png</image>
     <image>animation_3_185.png</image>
     <image>animation_3_186.png</image>
     <image>animation_3_187.png</image>
     <image>animation_3_188.png</image>
     <image>animation_3_189.png</image>
     <image>animation_3_190.png</image>
     <image>animation_3_191.png</image>
     <image>animation_3_192.png</image>
     <image>animation_3_193.png</image>
     <image>animation_3_194.png</image>
     <image>animation_3_195.png</image>
     <image>animation_3_196.png</image>
     <image>animation_3_197.png</image>
     <image>animation_3_198.png</image>
     <image>animation_3_199.png</image>
     <image>animation_3_200.png</image>
     <image>animation_3_201.png</image>
     <image>animation_3_202.png</image>
     <image>animation_3_203.png</image>
     <image>animation_3_204.png</image>
     <image>animation_3_205.png</image>
     <image>animation_3_206.png</image>
     <image>animation_3_207.png</image>
     <image>animation_3_208.png</image>
     <image>animation_3_209.png</image>
     <image>animation_3_210.png</image>
     <image>animation_3_211.png</image>
     <image>animation_3_212.png</image>
     <image>animation_3_213.png</image>
     <image>animation_3_214.png</image>
     <image>animation_3_215.png</image>
     <image>animation_3_216.png</image>
     <image>animation_3_217.png</image>
     <image>animation_3_218.png</image>
     <image>animation_3_219.png</image>
     <image>animation_3_220.png</image>
     <image>animation_3_221.png</image>
     <image>animation_3_222.png</image>
     <image>animation_3_223.png</image>
     <image>animation_3_224.png</image>
     <image>animation_3_225.png</image>
     <image>animation_3_226.png</image>
     <image>animation_3_227.png</image>
     <image>animation_3_228.png</image>
     <image>animation_3_229.png</image>
     <image>animation_3_230.png</image>
     <image>animation_3_231.png</image>
     <image>animation_3_232.png</image>
     <image>animation_3_233.png</image>
     <image>animation_3_234.png</image>
     <image>animation_3_235.png</image>
     <image>animation_3_236.png</image>
     <image>animation_3_237.png</image>
     <image>animation_3_238.png</image>
     <image>animation_3_239.png</image>
     <image>animation_3_240.png</image>
     <image>animation_3_241.png</image>
     <image>animation_3_242.png</image>
     <image>animation_3_243.png</image>
     <image>animation_3_244.png</image>
     <image>animation_3_245.png</image>
     <image>animation_3_246.png</image>
     <image>animation_3_247.png</image>
     <image>animation_3_248.png</image>
     <image>animation_3_249.png</image>
     <image>animation_3_250.png</image>
     <image>animation_3_251.png</image>
     <image>animation_3_252.png</image>
     <image>animation_3_253.png</image>
     <image>animation_3_254.png</image>
     <image>animation_3_255.png</image>
     <image>animation_3_256.png</image>
     <image>animation_3_257.png</image>
     <image>animation_3_258.png</image>
     <image>animation_3_259.png</image>
     <image>animation_3_260.png</image>
     <image>animation_3_261.png</image>
     <image>animation_3_262.png</image>
     <image>animation_3_263.png</image>
     <image>animation_3_264.png</image>
     <image>animation_3_265.png</image>
     <image>animation_3_266.png</image>
     <image>animation_3_267.png</image>
     <image>animation_3_268.png</image>
     <image>animation_3_269.png</image>
     <image>animation_3_270.png</image>
     <image>animation_3_271.png</image>
     <image>animation_3_272.png</image>
     <image>animation_3_273.png</image>
     <image>animation_3_274.png</image>
     <image>animation_3_275.png</image>
     <image>animation_3_276.png</image>
     <image>animation_3_277.png</image>
     <image>animation_3_278.png</image>
     <image>animation_3_279.png</image>
     <image>animation_3_280.png</image>
     <image>animation_3_281.png</image>
     <image>animation_3_282.png</image>
     <image>animation_3_283.png</image>
     <image>animation_3_284.png</image>
     <image>animation_3_285.png</image>
     <image>animation_3_286.png</image>
     <image>animation_3_287.png</image>
     <image>animation_3_288.png</image>
     <image>animation_3_289.png</image>
     <image>animation_3_290.png</image>
     <image>animation_3_291.png</image>
     <image>animation_3_292.png</image>
     <image>animation_3_293.png</image>
     <image>animation_3_294.png</image>
     <image>animation_3_295.png</image>
     <image>animation_3_296.png</image>
     <image>animation_3_297.png</image>
     <image>animation_3_298.png</image>
     <image>animation_3_299.png</image>
</drawables>
