<?xml version="1.0" encoding="utf-8"?>
<drawables>
     <image>digital20_0.png</image>
     <image>digital20_0.png</image>
     <image>digital20_0.png</image>
     <image>digital20_0.png</image>
     <image>digital20_0.png</image>
     <image>digital20_0.png</image>
     <image>digital20_0.png</image>
     <image>digital20_0.png</image>
     <image>digital20_0.png</image>
     <image>digital20_0.png</image>
     <image>digital20_0.png</image>
     <image>digital20_0.png</image>
</drawables>
