<?xml version="1.0" encoding="utf-8"?>
<drawables>
     <image>digital21_0.png</image>
     <image>digital21_1.png</image>
     <image>digital21_2.png</image>
     <image>digital21_3.png</image>
     <image>digital21_4.png</image>
     <image>digital21_5.png</image>
     <image>digital21_6.png</image>
     <image>digital21_7.png</image>
     <image>digital21_8.png</image>
     <image>digital21_9.png</image>
     <image>digital21_10.png</image>
     <image>digital21_11.png</image>
</drawables>
