<clockskin>
    <drawable>
        <name>image1.png</name>
    </drawable>
    <drawable>
        <arraytype>100</arraytype>
        <centerX>-162</centerX>
        <centerY>-150</centerY>
        <range>30</range>
        <cls>com.wiite.mycalender.MainActivity</cls>
        <pkg>com.wiite.mycalender</pkg>
    </drawable>
    <drawable>
        <arraytype>100</arraytype>
        <centerX>-110</centerX>
        <centerY>-193</centerY>
        <range>30</range>
        <cls>com.google.android.maps.MapsActivity</cls>
        <pkg>com.google.android.apps.maps</pkg>
    </drawable>
    <drawable>
        <arraytype>100</arraytype>
        <centerX>-46</centerX>
        <centerY>-217</centerY>
        <range>30</range>
        <cls>com.android.music.util.MainActivity</cls>
        <pkg>com.android.music</pkg>
    </drawable>
    <drawable>
        <arraytype>100</arraytype>
        <centerX>44</centerX>
        <centerY>-217</centerY>
        <range>30</range>
        <cls>com.mobvoi.ticwear.calculator.MainActivity</cls>
        <pkg>com.mobvoi.wear.calculator.aw</pkg>
    </drawable>
    <drawable>
        <arraytype>100</arraytype>
        <centerX>109</centerX>
        <centerY>-193</centerY>
        <range>30</range>
        <cls>com.android.camera.CameraLauncher</cls>
        <pkg>com.wiite.camera</pkg>
    </drawable>
    <drawable>
        <arraytype>100</arraytype>
        <centerX>160</centerX>
        <centerY>-150</centerY>
        <range>30</range>
        <cls>com.android.watchweather.MainNewActivity</cls>
        <pkg>com.android.watchweather</pkg>
    </drawable>
    <drawable>
        <arraytype>100</arraytype>
        <centerX>-145</centerX>
        <centerY>175</centerY>
        <range>40</range>
        <cls>com.wiite.dbf.wiitemms.MainActivity</cls>
        <pkg>com.wiite.dbf.wiitemms</pkg>
    </drawable>
    <drawable>
        <arraytype>100</arraytype>
        <centerX>-54</centerX>
        <centerY>215</centerY>
        <range>35</range>
        <cls>com.lumaticsoft.watchdroidassistant.WDPP</cls>
        <pkg>com.lumaticsoft.watchdroidassistant</pkg>
    </drawable>
    <drawable>
        <arraytype>100</arraytype>
        <centerX>53</centerX>
        <centerY>215</centerY>
        <range>35</range>
        <cls>bp.wt.com.androidp_contacts.activity.MainContactsActivity</cls>
        <pkg>com.wiite.dbf.androidp_contacts</pkg>
    </drawable>
    <drawable>
        <arraytype>100</arraytype>
        <centerX>144</centerX>
        <centerY>175</centerY>
        <range>40</range>
        <cls>bp.wt.com.androidp_contacts.activity.MainPhoneActivity</cls>
        <pkg>com.wiite.dbf.androidp_contacts</pkg>
    </drawable>
    <drawable>
        <arraytype>100</arraytype>
        <centerX>0</centerX>
        <centerY>1</centerY>
        <range>30</range>
        <cls>com.android.settings.Settings</cls>
        <pkg>com.android.settings</pkg>
    </drawable>
</clockskin>
<!-- Created on WatchFace Designer 0.14.2 beta -->
<!-- Exported for Android 7.1+ Stock ClockSkin Engine -->
