<?xml version="1.0" encoding="utf-8"?>
<clockskin>
	<drawable>
		<name>background_automat_no_bezel.png</name>
	</drawable>
	<drawable>
		<name>automat_second_hand_no_bezel_shadow.png</name>
		<rotate>3</rotate>
		<centerX>-93</centerX>
		<centerY>3</centerY>
	</drawable>
	<drawable>
		<name>automat_second_hand_no_bezel.png</name>
		<rotate>3</rotate>
		<centerX>-93</centerX>
	</drawable>
	<drawable>
		<name>hour_hand-no_bezel_shadow.png</name>
		<rotate>1</rotate>
		<centerY>3</centerY>
	</drawable>
	<drawable>
		<name>hour_hand_no_bezel.png</name>
		<rotate>1</rotate>
	</drawable>
	<drawable>
		<name>minute_hand_no_bezel_shadow.png</name>
		<rotate>2</rotate>
		<centerY>5</centerY>
	</drawable>
	<drawable>
		<name>minute_hand_no_bezel.png</name>
		<rotate>2</rotate>
	</drawable>
<!--COMMENTED BY ClockSkinMaker
<metadata gui='rra' version='2.0.0.2'/>
-->
</clockskin>