<?xml version="1.0" encoding="utf-8"?>
<clockskin>
	<drawable>
		<name>Clockskin01.png</name>
	</drawable>
	<drawable>
		<name>image_batt02.png</name>
		<centerY>55</centerY>
	</drawable>
	<drawable>
		<name>weekday_array.xml</name>
		<arraytype>5</arraytype>
		<centerX>-113</centerX>
		<centerY>-7</centerY>
	</drawable>
	<drawable>
		<name>day_array.xml</name>
		<arraytype>4</arraytype>
		<centerX>119</centerX>
		<centerY>-7</centerY>
	</drawable>
	<drawable>
		<name>battery_array.xml</name>
		<arraytype>14</arraytype>
		<centerY>74</centerY>
	</drawable>
	<drawable>
		<name>hand_hour03.png</name>
		<rotate>1</rotate>
	</drawable>
	<drawable>
		<name>hand_minute03.png</name>
		<rotate>2</rotate>
	</drawable>
	<drawable>
		<name>hand_second02.png</name>
		<rotate>10</rotate>
	</drawable>
	<drawable>
		<arraytype>99</arraytype>
		<centerX>-25</centerX>
		<centerY>105</centerY>
	</drawable>
<!--COMMENTED BY ClockSkinMaker
<metadata gui='rra' version='2.0.0.2'/>
-->
</clockskin>