<?xml version="1.0" encoding="utf-8"?>
<clockskin>
	<drawable>
		<name>radar_blitz.png</name>
		<rotate>3</rotate>
		<mulrotate>6</mulrotate>
	</drawable>
	<drawable>
		<name>radar_ground.png</name>
	</drawable>
	<drawable>
		<name>days.xml</name>
		<arraytype>5</arraytype>
		<centerX>-35</centerX>
		<centerY>-135</centerY>
	</drawable>
	<drawable>
		<name>TAG_1.xml</name>
		<arraytype>4</arraytype>
		<centerX>26</centerX>
		<centerY>-138</centerY>
	</drawable>
	<drawable>
		<name>TAG_2.xml</name>
		<arraytype>16</arraytype>
		<centerX>74</centerX>
		<centerY>-85</centerY>
	</drawable>
	<drawable>
		<name>monat.xml</name>
		<arraytype>3</arraytype>
		<centerX>110</centerX>
		<centerY>-110</centerY>
	</drawable>
	<drawable>
		<name>TAG_3.xml</name>
		<arraytype>12</arraytype>
		<centerX>-86</centerX>
		<centerY>109</centerY>
	</drawable>
	<drawable>
		<name>TAG_4.xml</name>
		<arraytype>12</arraytype>
		<centerX>63</centerX>
		<centerY>109</centerY>
	</drawable>
	<drawable>
		<name>AKKU.xml</name>
		<arraytype>14</arraytype>
		<centerX>73</centerX>
		<centerY>22</centerY>
	</drawable>
	<drawable>
		<name>batterie.xml</name>
		<arraytype>14</arraytype>
		<centerX>7</centerX>
	</drawable>
	<drawable>
		<name>blenden.png</name>
	</drawable>
	<drawable>
		<name>schrift.png</name>
	</drawable>
	<drawable>
		<name>STD_MIN.xml</name>
		<arraytype>6</arraytype>
		<centerX>-27</centerX>
		<centerY>-95</centerY>
	</drawable>
	<drawable>
		<name>TAG.xml</name>
		<arraytype>9</arraytype>
	</drawable>
	<drawable>
		<name>secundenzeiger2.png</name>
		<rotate>3</rotate>
		<mulrotate>6</mulrotate>
	</drawable>
	<drawable>
		<name>weather_array.xml</name>
		<arraytype>10</arraytype>
		<centerX>-113</centerX>
		<centerY>16</centerY>
	</drawable>
<!--COMMENTED BY ClockSkinMaker
<metadata gui='rra' version='1.4.0.0'/>
-->
</clockskin>