<?xml version="1.0" encoding="utf-8"?>
<clockskin>
	<drawable>
		<name>background.png</name>
	</drawable>
	<drawable>
		<name>outer ring2.png</name>
	</drawable>
	<drawable>
		<name>digital1.xml</name>
		<arraytype>4</arraytype>
		<centerX>111</centerX>
		<centerY>1</centerY>
	</drawable>
	<drawable>
		<name>image3.png</name>
	</drawable>
	<drawable>
		<name>digital2.xml</name>
		<arraytype>5</arraytype>
		<centerX>72</centerX>
		<centerY>1</centerY>
	</drawable>
	<drawable>
		<name>battery-sh.png</name>
		<rotate>6</rotate>
		<centerX>-83</centerX>
		<centerY>2</centerY>
		<mulrotate>2</mulrotate>
	</drawable>
	<drawable>
		<name>battery.png</name>
		<rotate>6</rotate>
		<centerX>-85</centerX>
		<mulrotate>2</mulrotate>
	</drawable>
	<drawable>
		<name>small hand-sh_1.png</name>
		<rotate>2</rotate>
		<centerX>3</centerX>
		<centerY>-78</centerY>
		<mulrotate>2</mulrotate>
	</drawable>
	<drawable>
		<name>small hand_1.png</name>
		<rotate>2</rotate>
		<centerY>-81</centerY>
		<mulrotate>2</mulrotate>
	</drawable>
	<drawable>
		<name>small hand-sh.png</name>
		<rotate>1</rotate>
		<centerX>3</centerX>
		<centerY>83</centerY>
	</drawable>
	<drawable>
		<name>small hand.png</name>
		<rotate>1</rotate>
		<centerY>80</centerY>
	</drawable>
	<drawable>
		<name>hour2-sh.png</name>
		<rotate>1</rotate>
		<centerX>3</centerX>
		<centerY>3</centerY>
	</drawable>
	<drawable>
		<name>hour.png</name>
		<rotate>1</rotate>
	</drawable>
	<drawable>
		<name>minute-sh.png</name>
		<rotate>2</rotate>
		<centerX>4</centerX>
		<centerY>4</centerY>
	</drawable>
	<drawable>
		<name>second-sh.png</name>
		<rotate>3</rotate>
		<centerX>6</centerX>
		<centerY>6</centerY>
	</drawable>
	<drawable>
		<name>minute2.png</name>
		<rotate>2</rotate>
	</drawable>
	<drawable>
		<name>second.png</name>
		<rotate>3</rotate>
	</drawable>
<!--COMMENTED BY ClockSkinMaker
<metadata gui='rra' version='2.0.0.2'/>
-->
</clockskin>