<clockskin>
    <drawable>
        <name>image1.png</name>
    </drawable>
    <drawable>
        <rotate>20</rotate>
        <direction>2</direction>
        <mulrotate>1</mulrotate>
        <name>image2.png</name>
    </drawable>
    <drawable>
        <name>image3.png</name>
    </drawable>
    <drawable>
        <rotate>5</rotate>
        <mulrotate>1</mulrotate>
        <centerX>2</centerX>
        <centerY>90</centerY>
        <name>image4.png</name>
    </drawable>
    <drawable>
        <rotate>5</rotate>
        <mulrotate>1</mulrotate>
        <centerX>0</centerX>
        <centerY>88</centerY>
        <name>image5.png</name>
    </drawable>
    <drawable>
        <name>image6.png</name>
    </drawable>
    <drawable>
        <rotate>3</rotate>
        <mulrotate>1</mulrotate>
        <centerX>83</centerX>
        <centerY>-14</centerY>
        <name>image7.png</name>
    </drawable>
    <drawable>
        <rotate>3</rotate>
        <mulrotate>1</mulrotate>
        <movement>1</movement>
        <centerX>78</centerX>
        <centerY>-20</centerY>
        <name>image8.png</name>
    </drawable>
    <drawable>
        <rotate>3</rotate>
        <mulrotate>1</mulrotate>
        <movement>1</movement>
        <centerX>80</centerX>
        <centerY>-19</centerY>
        <name>image9.png</name>
    </drawable>
    <drawable>
        <name>image10.png</name>
    </drawable>
    <drawable>
        <rotate>2</rotate>
        <mulrotate>2</mulrotate>
        <centerX>-77</centerX>
        <centerY>-15</centerY>
        <name>image11.png</name>
    </drawable>
    <drawable>
        <name>image12.png</name>
    </drawable>
    <drawable>
        <rotate>2</rotate>
        <mulrotate>2</mulrotate>
        <centerX>-82</centerX>
        <centerY>-18</centerY>
        <name>image13.png</name>
    </drawable>
    <drawable>
        <name>image14.png</name>
    </drawable>
    <drawable>
        <rotate>2</rotate>
        <mulrotate>2</mulrotate>
        <centerX>-82</centerX>
        <centerY>-18</centerY>
        <name>image15.png</name>
    </drawable>
    <drawable>
        <name>image16.png</name>
    </drawable>
    <drawable>
        <rotate>1</rotate>
        <mulrotate>1</mulrotate>
        <centerX>8</centerX>
        <centerY>4</centerY>
        <name>image17.png</name>
    </drawable>
    <drawable>
        <name>image18.png</name>
    </drawable>
    <drawable>
        <name>animated_image_1.xml</name>
        <framerate>0.00138888888889</framerate>
        <rotate>1</rotate>
        <mulrotate>1</mulrotate>
    </drawable>
    <drawable>
        <rotate>1</rotate>
        <mulrotate>1</mulrotate>
        <name>image19.png</name>
    </drawable>
    <drawable>
        <rotate>2</rotate>
        <mulrotate>1</mulrotate>
        <centerX>8</centerX>
        <centerY>4</centerY>
        <name>image20.png</name>
    </drawable>
    <drawable>
        <name>animated_image_2.xml</name>
        <framerate>0.00833333333333</framerate>
        <rotate>2</rotate>
        <mulrotate>1</mulrotate>
    </drawable>
    <drawable>
        <rotate>2</rotate>
        <mulrotate>1</mulrotate>
        <name>image21.png</name>
    </drawable>
    <drawable>
        <rotate>3</rotate>
        <mulrotate>1</mulrotate>
        <centerX>8</centerX>
        <centerY>4</centerY>
        <name>image22.png</name>
    </drawable>
    <drawable>
        <name>image23.png</name>
    </drawable>
    <drawable>
        <rotate>3</rotate>
        <mulrotate>1</mulrotate>
        <name>image24.png</name>
    </drawable>
    <drawable>
        <name>image25.png</name>
    </drawable>
</clockskin>
