<clockskin>
    <drawable>
        <name>image1.png</name>
    </drawable>
    <drawable>
        <name>animated_image_1.xml</name>
        <framerate>1.00000000000000</framerate>
        <centerX>0</centerX>
        <centerY>-15</centerY>
    </drawable>
    <drawable>
        <name>image2.png</name>
    </drawable>
    <drawable>
        <name>animated_image_2.xml</name>
        <framerate>12.00000000000000</framerate>
        <centerX>-50</centerX>
        <centerY>-20</centerY>
    </drawable>
    <drawable>
        <name>image3.png</name>
    </drawable>
    <drawable>
        <name>animated_image_3.xml</name>
        <framerate>12.00000000000000</framerate>
        <centerX>50</centerX>
        <centerY>-20</centerY>
    </drawable>
    <drawable>
        <name>image4.png</name>
    </drawable>
    <drawable>
        <name>animated_image_4.xml</name>
        <framerate>9.00000000000000</framerate>
    </drawable>
    <drawable>
        <name>image5.png</name>
    </drawable>
    <drawable>
        <name>digital1.xml</name>
        <arraytype>3</arraytype>
        <centerX>-50</centerX>
        <centerY>-16</centerY>
    </drawable>
    <drawable>
        <name>digital2.xml</name>
        <arraytype>4</arraytype>
        <centerX>50</centerX>
        <centerY>-17</centerY>
    </drawable>
    <drawable>
        <name>digital3.xml</name>
        <arraytype>6</arraytype>
        <centerX>0</centerX>
        <centerY>61</centerY>
    </drawable>
    <drawable>
        <name>animated_image_5.xml</name>
        <framerate>1.00000000000000</framerate>
    </drawable>
</clockskin>
