<clockskin>
    <drawable>
        <name>image1.png</name>
    </drawable>
    <drawable>
        <name>digital1.xml</name>
        <arraytype>6</arraytype>
        <centerX>0</centerX>
        <centerY>-10</centerY>
    </drawable>
    <drawable>
        <name>image2.png</name>
    </drawable>
    <drawable>
        <name>digital2.xml</name>
        <arraytype>5</arraytype>
        <centerX>-90</centerX>
        <centerY>70</centerY>
    </drawable>
    <drawable>
        <name>digital3.xml</name>
        <arraytype>3</arraytype>
        <centerX>5</centerX>
        <centerY>70</centerY>
    </drawable>
    <drawable>
        <name>digital4.xml</name>
        <arraytype>4</arraytype>
        <centerX>95</centerX>
        <centerY>70</centerY>
    </drawable>
    <drawable>
        <arraytype>99</arraytype>
        <color>1</color>
        <centerX>-25</centerX>
        <centerY>120</centerY>
    </drawable>
</clockskin>
<!-- Created on WatchFace Designer 0.14.2 beta. -->
<!-- Exported for Universal Launcher -->
