<?xml version="1.0" encoding="utf-8"?>
<clockskin>
	<drawable>
		<name>background.png</name>
	</drawable>
	<drawable>
		<name>hand_weekday.png</name>
		<rotate>5</rotate>
		<centerX>-24</centerX>
		<centerY>-98</centerY>
	</drawable>
	<drawable>
		<name>hand_battery.png</name>
		<rotate>6</rotate>
		<centerX>91</centerX>
		<centerY>44</centerY>
		<mulrotate>2</mulrotate>
	</drawable>
	<drawable>
		<name>hand_hour.png</name>
		<rotate>1</rotate>
		<centerX>-50</centerX>
		<centerY>40</centerY>
	</drawable>
	<drawable>
		<name>hand_minute.png</name>
		<rotate>2</rotate>
		<centerX>-50</centerX>
		<centerY>40</centerY>
	</drawable>
	<drawable>
		<name>hand_seconds.png</name>
		<rotate>3</rotate>
		<centerX>50</centerX>
		<centerY>112</centerY>
	</drawable>
	<drawable>
		<name>date.xml</name>
		<arraytype>4</arraytype>
		<centerX>-200</centerX>
	</drawable>
	<drawable>
		<name>date_mask.xml</name>
		<arraytype>4</arraytype>
		<centerX>200</centerX>
	</drawable>
<!--COMMENTED BY ClockSkinMaker
<metadata gui='rra' version='2.0.0.2'/>
-->
</clockskin>