<?xml version="1.0" encoding="utf-8"?>
<clockskin>
	<drawable>
		<name>fundo.png</name>
	</drawable>
	<drawable>
		<name>r.xml</name>
		<arraytype>9</arraytype>
		<centerX>-200</centerX>
	</drawable>
	<drawable>
		<name>s.xml</name>
		<arraytype>9</arraytype>
		<centerX>-200</centerX>
		<centerY>1</centerY>
	</drawable>
	<drawable>
		<name>mostrador.png</name>
	</drawable>
	<drawable>
		<name>hour.xml</name>
		<arraytype>7</arraytype>
		<centerX>-75</centerX>
		<centerY>106</centerY>
	</drawable>
	<drawable>
		<name>colon.xml</name>
		<arraytype>6</arraytype>
		<centerX>-34</centerX>
		<centerY>104</centerY>
	</drawable>
	<drawable>
		<name>minute.xml</name>
		<arraytype>8</arraytype>
		<centerX>13</centerX>
		<centerY>105</centerY>
	</drawable>
	<drawable>
		<name>am-pm.xml</name>
		<arraytype>6</arraytype>
		<centerX>-16</centerX>
		<centerY>68</centerY>
	</drawable>
	<drawable>
		<name>second.xml</name>
		<arraytype>9</arraytype>
		<centerX>81</centerX>
		<centerY>-31</centerY>
	</drawable>
	<drawable>
		<name>battery.xml</name>
		<arraytype>14</arraytype>
		<centerX>1</centerX>
	</drawable>
	<drawable>
		<arraytype>99</arraytype>
		<centerX>-25</centerX>
		<centerY>157</centerY>
	</drawable>
	<drawable>
		<name>week.xml</name>
		<arraytype>5</arraytype>
		<centerX>-16</centerX>
		<centerY>67</centerY>
	</drawable>
	<drawable>
		<name>monthday.xml</name>
		<arraytype>2</arraytype>
		<centerX>-84</centerX>
		<centerY>67</centerY>
	</drawable>
	<drawable>
		<name>nivel bat.png</name>
	</drawable>
<!--COMMENTED BY ClockSkinMaker
<metadata gui='rra' version='1.4.0.0'/>
-->
</clockskin>
<clockskin>
    <drawable>
        <name>image1.png</name>
    </drawable>
    <drawable>
        <name>image2.png</name>
        <rotate>6</rotate>
        <direction>2</direction>
        <mulrotate>-2</mulrotate>
    </drawable>
    <drawable>
        <name>image3.png</name>
    </drawable>
    <drawable>
        <name>digital1.xml</name>
        <arraytype>9</arraytype>
        <centerX>-200</centerX>
        <centerY>0</centerY>
    </drawable>
    <drawable>
        <name>digital2.xml</name>
        <arraytype>9</arraytype>
        <centerX>200</centerX>
        <centerY>0</centerY>
    </drawable>
    <drawable>
        <name>image4.png</name>
    </drawable>
    <drawable>
        <name>digital3.xml</name>
        <arraytype>6</arraytype>
        <centerX>-20</centerX>
        <centerY>14</centerY>
    </drawable>
    <drawable>
        <name>digital4.xml</name>
        <arraytype>9</arraytype>
        <centerX>127</centerX>
        <centerY>30</centerY>
    </drawable>
    <drawable>
        <name>digital5.xml</name>
        <arraytype>6</arraytype>
        <centerX>-25</centerX>
        <centerY>0</centerY>
    </drawable>
    <drawable>
        <name>digital6.xml</name>
        <arraytype>12</arraytype>
        <centerX>0</centerX>
        <centerY>-73</centerY>
    </drawable>
    <drawable>
        <name>digital7.xml</name>
        <arraytype>5</arraytype>
        <centerX>-40</centerX>
        <centerY>89</centerY>
    </drawable>
    <drawable>
        <name>digital8.xml</name>
        <arraytype>4</arraytype>
        <centerX>52</centerX>
        <centerY>89</centerY>
    </drawable>
</clockskin>
