<?xml version="1.0" encoding="utf-8"?>
<drawables>
	<image>colon_num_0.png</image>
	<image>colon_num_1.png</image>
	<image>colon_num_2.png</image>
	<image>colon_num_3.png</image>
	<image>colon_num_4.png</image>
	<image>colon_num_5.png</image>
	<image>colon_num_6.png</image>
	<image>colon_num_7.png</image>
	<image>colon_num_8.png</image>
	<image>colon_num_9.png</image>
	<image>colon_num_colon.png</image>
<!--COMMENTED BY ClockSkinMaker
<metadata gui='rra' version='1.4.0.0' type='array_hourminute' autoscale='1' font='DS-Digital' fontstyle='Bold' fontsize='30,43033'>
<content></content>
<content></content>
<content></content>
<content></content>
<content></content>
<content></content>
<content></content>
<content></content>
<content></content>
<content></content>
<content>:</content>
<content></content>
<content></content>
</metadata>
-->
</drawables>