<?xml version="1.0" encoding="utf-8"?>
<clockskin>
	<drawable>
		<name>background.png</name>
	</drawable>
	<drawable>
		<name>turbine_shadow.png</name>
		<rotate>3</rotate>
		<centerX>8</centerX>
		<centerY>8</centerY>
		<mulrotate>25</mulrotate>
	</drawable>
	<drawable>
		<name>turbine.png</name>
		<rotate>3</rotate>
		<mulrotate>25</mulrotate>
	</drawable>
	<drawable>
		<name>top_layer.png</name>
	</drawable>
	<drawable>
		<name>hour_hand_shadow.png</name>
		<rotate>1</rotate>
		<centerX>3</centerX>
		<centerY>3</centerY>
	</drawable>
	<drawable>
		<name>hour_hand.png</name>
		<rotate>1</rotate>
	</drawable>
	<drawable>
		<name>minute_hand_shadow.png</name>
		<rotate>2</rotate>
		<centerX>5</centerX>
		<centerY>5</centerY>
	</drawable>
	<drawable>
		<name>minute_hand.png</name>
		<rotate>2</rotate>
	</drawable>
	<drawable>
		<name>second_hand_shadow.png</name>
		<rotate>3</rotate>
		<centerX>7</centerX>
		<centerY>7</centerY>
	</drawable>
	<drawable>
		<name>second_hand.png</name>
		<rotate>3</rotate>
	</drawable>
<!--COMMENTED BY ClockSkinMaker
<metadata gui='rra' version='2.0.0.2'/>
-->
</clockskin>