<?xml version="1.0" encoding="utf-8"?>
<clockskin>
	<drawable>
		<name>image1.png</name>
	</drawable>
	<drawable>
		<name>digital1_1.xml</name>
		<arraytype>4</arraytype>
		<centerX>-87</centerX>
		<centerY>51</centerY>
	</drawable>
	<drawable>
		<name>digital1.xml</name>
		<arraytype>4</arraytype>
		<centerX>302</centerX>
		<centerY>46</centerY>
	</drawable>
	<drawable>
		<name>inside.png</name>
	</drawable>
	<drawable>
		<name>shadow_1.png</name>
	</drawable>
	<drawable>
		<name>image2-sh.png</name>
		<rotate>6</rotate>
		<centerX>3</centerX>
		<centerY>80</centerY>
		<angle>45</angle>
	</drawable>
	<drawable>
		<name>image2.png</name>
		<rotate>6</rotate>
		<centerY>77</centerY>
		<angle>45</angle>
	</drawable>
	<drawable>
		<name>inlay2.png</name>
	</drawable>
	<drawable>
		<name>hour-sh.png</name>
		<rotate>1</rotate>
		<centerX>-64</centerX>
		<centerY>-42</centerY>
	</drawable>
	<drawable>
		<name>hour.png</name>
		<rotate>1</rotate>
		<centerX>-67</centerX>
		<centerY>-45</centerY>
	</drawable>
	<drawable>
		<name>minute-sh_1.png</name>
		<rotate>2</rotate>
		<centerX>70</centerX>
		<centerY>-42</centerY>
	</drawable>
	<drawable>
		<name>minute.png</name>
		<rotate>2</rotate>
		<centerX>67</centerX>
		<centerY>-41</centerY>
	</drawable>
	<drawable>
		<name>second-sh.png</name>
		<rotate>3</rotate>
		<centerX>6</centerX>
		<centerY>6</centerY>
	</drawable>
	<drawable>
		<name>second.png</name>
		<rotate>3</rotate>
	</drawable>
	<drawable>
		<name>center2.png</name>
	</drawable>
	<drawable>
		<name>shadow.png</name>
	</drawable>
<!--COMMENTED BY ClockSkinMaker
<metadata gui='rra' version='2.0.0.2'/>
-->
</clockskin>