<?xml version="1.0" encoding="utf-8"?>
<clockskin>
	<drawable>
		<name>background_chrono_no_bezel.png</name>
	</drawable>
	<drawable>
		<name>hand1_chrono_no_bezel_shadow.png</name>
		<rotate>3</rotate>
		<centerX>-90</centerX>
		<centerY>2</centerY>
		<mulrotate>2</mulrotate>
	</drawable>
	<drawable>
		<name>hand1_chrono_no_bezel.png</name>
		<rotate>3</rotate>
		<centerX>-90</centerX>
		<mulrotate>2</mulrotate>
	</drawable>
	<drawable>
		<name>hand2_chrono_no_bezel_shadow_1.png</name>
		<rotate>3</rotate>
		<centerY>93</centerY>
	</drawable>
	<drawable>
		<name>hand2_chrono_no_bezel_1.png</name>
		<rotate>3</rotate>
		<centerY>91</centerY>
	</drawable>
	<drawable>
		<name>hand2_chrono_no_bezel_shadow.png</name>
		<rotate>6</rotate>
		<centerX>93</centerX>
		<centerY>2</centerY>
		<mulrotate>2</mulrotate>
	</drawable>
	<drawable>
		<name>hand2_chrono_no_bezel.png</name>
		<rotate>6</rotate>
		<centerX>93</centerX>
		<mulrotate>2</mulrotate>
	</drawable>
	<drawable>
		<name>hour_hand-no_bezel_shadow.png</name>
		<rotate>1</rotate>
		<centerY>2</centerY>
	</drawable>
	<drawable>
		<name>hour_hand_no_bezel.png</name>
		<rotate>1</rotate>
	</drawable>
	<drawable>
		<name>minute_hand_no_bezel_shadow.png</name>
		<rotate>2</rotate>
		<centerY>4</centerY>
	</drawable>
	<drawable>
		<name>minute_hand_no_bezel.png</name>
		<rotate>2</rotate>
	</drawable>
	<drawable>
		<name>second_hand_no_bezel_shadow.png</name>
		<rotate>3</rotate>
		<centerY>6</centerY>
	</drawable>
	<drawable>
		<name>second_hand_no_bezel.png</name>
		<rotate>3</rotate>
	</drawable>
<!--COMMENTED BY ClockSkinMaker
<metadata gui='rra' version='2.0.0.2'/>
-->
</clockskin>