<?xml version="1.0" encoding="utf-8"?>
<drawables>
	<image>ora_0.png</image>
	<image>ora_1.png</image>
	<image>ora_2.png</image>
	<image>ora_3.png</image>
	<image>ora_4.png</image>
	<image>ora_5.png</image>
	<image>ora_6.png</image>
	<image>ora_7.png</image>
	<image>ora_8.png</image>
	<image>ora_9.png</image>
	<image>ora_sep.png</image>
<!--COMMENTED BY ClockSkinMaker
<metadata gui='rra' version='1.6.0.0' type='array_hourminute' forecolor='FF8040' autoscale='1' font='LED BOARD REVERSED' fontstyle='Bold' fontsize='12,2353'>
<content>0</content>
<content>1</content>
<content>2</content>
<content>3</content>
<content>4</content>
<content>5</content>
<content>6</content>
<content>7</content>
<content>8</content>
<content>9</content>
<content>:</content>
<content></content>
<content></content>
</metadata>
-->
</drawables>