<?xml version="1.0" encoding="utf-8"?>
<drawables>
	<image>ora_0_1_1.png</image>
	<image>ora_1_1_1.png</image>
	<image>ora_2_1_1.png</image>
	<image>ora_3_1_1.png</image>
	<image>ora_4_1_1.png</image>
	<image>ora_5_1_1.png</image>
	<image>ora_6_1_1.png</image>
	<image>ora_7_1_1.png</image>
	<image>ora_8_1_1.png</image>
	<image>ora_9_1_1.png</image>
	<image>ora_sep_1_1.png</image>
<!--COMMENTED BY ClockSkinMaker
<metadata gui='rra' version='1.6.0.0' type='array_hourminute' forecolor='FF8040' autoscale='1' font='LED BOARD REVERSED' fontstyle='Bold' fontsize='12,2353'>
<content>0</content>
<content>1</content>
<content>2</content>
<content>3</content>
<content>4</content>
<content>5</content>
<content>6</content>
<content>7</content>
<content>8</content>
<content>9</content>
<content>:</content>
<content></content>
<content></content>
</metadata>
-->
</drawables>