<clockskin>
    <drawable>
        <name>image1.png</name>
    </drawable>
    <drawable>
        <name>animated_image_1.xml</name>
        <framerate>0.00027777777778</framerate>
        <centerX>0</centerX>
        <centerY>110</centerY>
    </drawable>
    <drawable>
        <name>image2.png</name>
    </drawable>
    <drawable>
        <name>animated_image_2.xml</name>
        <framerate>0.01666666666667</framerate>
    </drawable>
    <drawable>
        <name repeat="3600000">animated_image_3.xml</name>
        <framerate>8.00000000000000</framerate>
    </drawable>
    <drawable>
        <name>image3.png</name>
    </drawable>
</clockskin>
