<?xml version="1.0" encoding="utf-8"?>
<clockskin> 	
	<drawable>
		<name>background.png</name>
	</drawable>
	<drawable>
		<name>day_array.xml</name>
		<arraytype>4</arraytype>
		<centerX>152</centerX>
		<centerY>105</centerY>
	</drawable>
	<drawable>
		<name>day_array.xml</name>
		<arraytype>4</arraytype>
		<centerX>83</centerX>
		<centerY>118</centerY>
	</drawable>
	<drawable>
		<name>clock_skin_panel.png</name>
	</drawable>
	<drawable>
		<name>weekday_array.xml</name>
		<arraytype>5</arraytype>
	</drawable>
	<drawable>
		<name>10second_array.xml</name>
		<arraytype>9</arraytype>
		<centerX>-200</centerX>
	</drawable>
	<drawable>
		<name>batteryHand.png</name>
		<rotate>6</rotate>
		<angle>180</angle>
		<centerX>-17</centerX>
 	</drawable>
	<drawable>
		<name>hourHand.png</name>
		<rotate>1</rotate>
 	</drawable>
 	<drawable>
		<name>minuteHand.png</name>
		<rotate>2</rotate>
 	</drawable>
	<drawable>
		<name>secondHand.png</name>
		<rotate>3</rotate>
	</drawable>
</clockskin>
