<?xml version="1.0" encoding="utf-8"?>
<drawables>
     <image>animation_6_0.png</image>
     <image>animation_6_1.png</image>
     <image>animation_6_2.png</image>
     <image>animation_6_3.png</image>
     <image>animation_6_4.png</image>
     <image>animation_6_5.png</image>
     <image>animation_6_6.png</image>
     <image>animation_6_7.png</image>
     <image>animation_6_8.png</image>
     <image>animation_6_9.png</image>
     <image>animation_6_10.png</image>
     <image>animation_6_11.png</image>
     <image>animation_6_12.png</image>
     <image>animation_6_13.png</image>
     <image>animation_6_14.png</image>
     <image>animation_6_15.png</image>
     <image>animation_6_16.png</image>
     <image>animation_6_17.png</image>
     <image>animation_6_18.png</image>
     <image>animation_6_19.png</image>
     <image>animation_6_20.png</image>
     <image>animation_6_21.png</image>
     <image>animation_6_22.png</image>
     <image>animation_6_23.png</image>
     <image>animation_6_24.png</image>
     <image>animation_6_25.png</image>
     <image>animation_6_26.png</image>
     <image>animation_6_27.png</image>
     <image>animation_6_28.png</image>
     <image>animation_6_29.png</image>
     <image>animation_6_30.png</image>
     <image>animation_6_31.png</image>
     <image>animation_6_32.png</image>
     <image>animation_6_33.png</image>
     <image>animation_6_34.png</image>
     <image>animation_6_35.png</image>
     <image>animation_6_36.png</image>
     <image>animation_6_37.png</image>
     <image>animation_6_38.png</image>
     <image>animation_6_39.png</image>
     <image>animation_6_40.png</image>
     <image>animation_6_41.png</image>
     <image>animation_6_42.png</image>
     <image>animation_6_43.png</image>
     <image>animation_6_44.png</image>
     <image>animation_6_45.png</image>
     <image>animation_6_46.png</image>
     <image>animation_6_47.png</image>
     <image>animation_6_48.png</image>
     <image>animation_6_49.png</image>
     <image>animation_6_50.png</image>
     <image>animation_6_51.png</image>
     <image>animation_6_52.png</image>
     <image>animation_6_53.png</image>
     <image>animation_6_54.png</image>
     <image>animation_6_55.png</image>
     <image>animation_6_56.png</image>
     <image>animation_6_57.png</image>
     <image>animation_6_58.png</image>
     <image>animation_6_59.png</image>
     <image>animation_6_60.png</image>
     <image>animation_6_61.png</image>
     <image>animation_6_62.png</image>
     <image>animation_6_63.png</image>
     <image>animation_6_64.png</image>
     <image>animation_6_65.png</image>
     <image>animation_6_66.png</image>
     <image>animation_6_67.png</image>
     <image>animation_6_68.png</image>
     <image>animation_6_69.png</image>
     <image>animation_6_70.png</image>
     <image>animation_6_71.png</image>
     <image>animation_6_72.png</image>
     <image>animation_6_73.png</image>
     <image>animation_6_74.png</image>
     <image>animation_6_75.png</image>
     <image>animation_6_76.png</image>
     <image>animation_6_77.png</image>
     <image>animation_6_78.png</image>
     <image>animation_6_79.png</image>
     <image>animation_6_80.png</image>
     <image>animation_6_81.png</image>
     <image>animation_6_82.png</image>
     <image>animation_6_83.png</image>
     <image>animation_6_84.png</image>
     <image>animation_6_85.png</image>
     <image>animation_6_86.png</image>
     <image>animation_6_87.png</image>
     <image>animation_6_88.png</image>
     <image>animation_6_89.png</image>
     <image>animation_6_90.png</image>
     <image>animation_6_91.png</image>
     <image>animation_6_92.png</image>
     <image>animation_6_93.png</image>
     <image>animation_6_94.png</image>
     <image>animation_6_95.png</image>
     <image>animation_6_96.png</image>
     <image>animation_6_97.png</image>
     <image>animation_6_98.png</image>
     <image>animation_6_99.png</image>
     <image>animation_6_100.png</image>
     <image>animation_6_101.png</image>
     <image>animation_6_102.png</image>
     <image>animation_6_103.png</image>
     <image>animation_6_104.png</image>
     <image>animation_6_105.png</image>
     <image>animation_6_106.png</image>
     <image>animation_6_107.png</image>
     <image>animation_6_108.png</image>
     <image>animation_6_109.png</image>
     <image>animation_6_110.png</image>
     <image>animation_6_111.png</image>
     <image>animation_6_112.png</image>
     <image>animation_6_113.png</image>
     <image>animation_6_114.png</image>
     <image>animation_6_115.png</image>
     <image>animation_6_116.png</image>
     <image>animation_6_117.png</image>
     <image>animation_6_118.png</image>
     <image>animation_6_119.png</image>
     <image>animation_6_120.png</image>
     <image>animation_6_121.png</image>
     <image>animation_6_122.png</image>
     <image>animation_6_123.png</image>
     <image>animation_6_124.png</image>
     <image>animation_6_125.png</image>
     <image>animation_6_126.png</image>
     <image>animation_6_127.png</image>
     <image>animation_6_128.png</image>
     <image>animation_6_129.png</image>
     <image>animation_6_130.png</image>
     <image>animation_6_131.png</image>
     <image>animation_6_132.png</image>
     <image>animation_6_133.png</image>
     <image>animation_6_134.png</image>
     <image>animation_6_135.png</image>
     <image>animation_6_136.png</image>
     <image>animation_6_137.png</image>
     <image>animation_6_138.png</image>
     <image>animation_6_139.png</image>
     <image>animation_6_140.png</image>
     <image>animation_6_141.png</image>
     <image>animation_6_142.png</image>
     <image>animation_6_143.png</image>
     <image>animation_6_144.png</image>
     <image>animation_6_145.png</image>
     <image>animation_6_146.png</image>
     <image>animation_6_147.png</image>
     <image>animation_6_148.png</image>
     <image>animation_6_149.png</image>
     <image>animation_6_150.png</image>
     <image>animation_6_151.png</image>
     <image>animation_6_152.png</image>
     <image>animation_6_153.png</image>
     <image>animation_6_154.png</image>
     <image>animation_6_155.png</image>
     <image>animation_6_156.png</image>
     <image>animation_6_157.png</image>
     <image>animation_6_158.png</image>
     <image>animation_6_159.png</image>
     <image>animation_6_160.png</image>
     <image>animation_6_161.png</image>
     <image>animation_6_162.png</image>
     <image>animation_6_163.png</image>
     <image>animation_6_164.png</image>
     <image>animation_6_165.png</image>
     <image>animation_6_166.png</image>
     <image>animation_6_167.png</image>
     <image>animation_6_168.png</image>
     <image>animation_6_169.png</image>
     <image>animation_6_170.png</image>
     <image>animation_6_171.png</image>
     <image>animation_6_172.png</image>
     <image>animation_6_173.png</image>
     <image>animation_6_174.png</image>
     <image>animation_6_175.png</image>
     <image>animation_6_176.png</image>
     <image>animation_6_177.png</image>
     <image>animation_6_178.png</image>
     <image>animation_6_179.png</image>
     <image>animation_6_180.png</image>
     <image>animation_6_181.png</image>
     <image>animation_6_182.png</image>
     <image>animation_6_183.png</image>
     <image>animation_6_184.png</image>
     <image>animation_6_185.png</image>
     <image>animation_6_186.png</image>
     <image>animation_6_187.png</image>
     <image>animation_6_188.png</image>
     <image>animation_6_189.png</image>
     <image>animation_6_190.png</image>
     <image>animation_6_191.png</image>
     <image>animation_6_192.png</image>
     <image>animation_6_193.png</image>
     <image>animation_6_194.png</image>
     <image>animation_6_195.png</image>
     <image>animation_6_196.png</image>
     <image>animation_6_197.png</image>
     <image>animation_6_198.png</image>
     <image>animation_6_199.png</image>
     <image>animation_6_200.png</image>
     <image>animation_6_201.png</image>
     <image>animation_6_202.png</image>
     <image>animation_6_203.png</image>
     <image>animation_6_204.png</image>
     <image>animation_6_205.png</image>
     <image>animation_6_206.png</image>
     <image>animation_6_207.png</image>
     <image>animation_6_208.png</image>
     <image>animation_6_209.png</image>
     <image>animation_6_210.png</image>
     <image>animation_6_211.png</image>
     <image>animation_6_212.png</image>
     <image>animation_6_213.png</image>
     <image>animation_6_214.png</image>
     <image>animation_6_215.png</image>
     <image>animation_6_216.png</image>
     <image>animation_6_217.png</image>
     <image>animation_6_218.png</image>
     <image>animation_6_219.png</image>
     <image>animation_6_220.png</image>
     <image>animation_6_221.png</image>
     <image>animation_6_222.png</image>
     <image>animation_6_223.png</image>
     <image>animation_6_224.png</image>
     <image>animation_6_225.png</image>
     <image>animation_6_226.png</image>
     <image>animation_6_227.png</image>
     <image>animation_6_228.png</image>
     <image>animation_6_229.png</image>
     <image>animation_6_230.png</image>
     <image>animation_6_231.png</image>
     <image>animation_6_232.png</image>
     <image>animation_6_233.png</image>
     <image>animation_6_234.png</image>
     <image>animation_6_235.png</image>
     <image>animation_6_236.png</image>
     <image>animation_6_237.png</image>
     <image>animation_6_238.png</image>
     <image>animation_6_239.png</image>
     <image>animation_6_240.png</image>
     <image>animation_6_241.png</image>
     <image>animation_6_242.png</image>
     <image>animation_6_243.png</image>
     <image>animation_6_244.png</image>
     <image>animation_6_245.png</image>
     <image>animation_6_246.png</image>
     <image>animation_6_247.png</image>
     <image>animation_6_248.png</image>
     <image>animation_6_249.png</image>
     <image>animation_6_250.png</image>
     <image>animation_6_251.png</image>
     <image>animation_6_252.png</image>
     <image>animation_6_253.png</image>
     <image>animation_6_254.png</image>
     <image>animation_6_255.png</image>
     <image>animation_6_256.png</image>
     <image>animation_6_257.png</image>
     <image>animation_6_258.png</image>
     <image>animation_6_259.png</image>
     <image>animation_6_260.png</image>
     <image>animation_6_261.png</image>
     <image>animation_6_262.png</image>
     <image>animation_6_263.png</image>
     <image>animation_6_264.png</image>
     <image>animation_6_265.png</image>
     <image>animation_6_266.png</image>
     <image>animation_6_267.png</image>
     <image>animation_6_268.png</image>
     <image>animation_6_269.png</image>
     <image>animation_6_270.png</image>
     <image>animation_6_271.png</image>
     <image>animation_6_272.png</image>
     <image>animation_6_273.png</image>
     <image>animation_6_274.png</image>
     <image>animation_6_275.png</image>
     <image>animation_6_276.png</image>
     <image>animation_6_277.png</image>
     <image>animation_6_278.png</image>
     <image>animation_6_279.png</image>
     <image>animation_6_280.png</image>
     <image>animation_6_281.png</image>
     <image>animation_6_282.png</image>
     <image>animation_6_283.png</image>
     <image>animation_6_284.png</image>
     <image>animation_6_285.png</image>
     <image>animation_6_286.png</image>
     <image>animation_6_287.png</image>
     <image>animation_6_288.png</image>
     <image>animation_6_289.png</image>
     <image>animation_6_290.png</image>
     <image>animation_6_291.png</image>
     <image>animation_6_292.png</image>
     <image>animation_6_293.png</image>
     <image>animation_6_294.png</image>
     <image>animation_6_295.png</image>
     <image>animation_6_296.png</image>
     <image>animation_6_297.png</image>
     <image>animation_6_298.png</image>
     <image>animation_6_299.png</image>
</drawables>
