<?xml version="1.0" encoding="utf-8"?>
<drawables>
     <image>animation_4_0.png</image>
     <image>animation_4_1.png</image>
     <image>animation_4_2.png</image>
     <image>animation_4_3.png</image>
     <image>animation_4_4.png</image>
     <image>animation_4_5.png</image>
     <image>animation_4_6.png</image>
     <image>animation_4_7.png</image>
     <image>animation_4_8.png</image>
     <image>animation_4_9.png</image>
     <image>animation_4_10.png</image>
     <image>animation_4_11.png</image>
     <image>animation_4_12.png</image>
     <image>animation_4_13.png</image>
     <image>animation_4_14.png</image>
     <image>animation_4_15.png</image>
     <image>animation_4_16.png</image>
     <image>animation_4_17.png</image>
     <image>animation_4_18.png</image>
     <image>animation_4_19.png</image>
     <image>animation_4_20.png</image>
     <image>animation_4_21.png</image>
     <image>animation_4_22.png</image>
     <image>animation_4_23.png</image>
     <image>animation_4_24.png</image>
     <image>animation_4_25.png</image>
     <image>animation_4_26.png</image>
     <image>animation_4_27.png</image>
     <image>animation_4_28.png</image>
     <image>animation_4_29.png</image>
     <image>animation_4_30.png</image>
     <image>animation_4_31.png</image>
     <image>animation_4_32.png</image>
     <image>animation_4_33.png</image>
     <image>animation_4_34.png</image>
     <image>animation_4_35.png</image>
     <image>animation_4_36.png</image>
     <image>animation_4_37.png</image>
     <image>animation_4_38.png</image>
     <image>animation_4_39.png</image>
     <image>animation_4_40.png</image>
     <image>animation_4_41.png</image>
     <image>animation_4_42.png</image>
     <image>animation_4_43.png</image>
     <image>animation_4_44.png</image>
     <image>animation_4_45.png</image>
     <image>animation_4_46.png</image>
     <image>animation_4_47.png</image>
     <image>animation_4_48.png</image>
     <image>animation_4_49.png</image>
     <image>animation_4_50.png</image>
     <image>animation_4_51.png</image>
     <image>animation_4_52.png</image>
     <image>animation_4_53.png</image>
     <image>animation_4_54.png</image>
     <image>animation_4_55.png</image>
     <image>animation_4_56.png</image>
     <image>animation_4_57.png</image>
     <image>animation_4_58.png</image>
     <image>animation_4_59.png</image>
     <image>animation_4_60.png</image>
     <image>animation_4_61.png</image>
     <image>animation_4_62.png</image>
     <image>animation_4_63.png</image>
     <image>animation_4_64.png</image>
     <image>animation_4_65.png</image>
     <image>animation_4_66.png</image>
     <image>animation_4_67.png</image>
     <image>animation_4_68.png</image>
     <image>animation_4_69.png</image>
     <image>animation_4_70.png</image>
     <image>animation_4_71.png</image>
     <image>animation_4_72.png</image>
     <image>animation_4_73.png</image>
     <image>animation_4_74.png</image>
     <image>animation_4_75.png</image>
     <image>animation_4_76.png</image>
     <image>animation_4_77.png</image>
     <image>animation_4_78.png</image>
     <image>animation_4_79.png</image>
     <image>animation_4_80.png</image>
     <image>animation_4_81.png</image>
     <image>animation_4_82.png</image>
     <image>animation_4_83.png</image>
     <image>animation_4_84.png</image>
     <image>animation_4_85.png</image>
     <image>animation_4_86.png</image>
     <image>animation_4_87.png</image>
     <image>animation_4_88.png</image>
     <image>animation_4_89.png</image>
     <image>animation_4_90.png</image>
     <image>animation_4_91.png</image>
     <image>animation_4_92.png</image>
     <image>animation_4_93.png</image>
     <image>animation_4_94.png</image>
     <image>animation_4_95.png</image>
     <image>animation_4_96.png</image>
     <image>animation_4_97.png</image>
     <image>animation_4_98.png</image>
     <image>animation_4_99.png</image>
     <image>animation_4_100.png</image>
     <image>animation_4_101.png</image>
     <image>animation_4_102.png</image>
     <image>animation_4_103.png</image>
     <image>animation_4_104.png</image>
     <image>animation_4_105.png</image>
     <image>animation_4_106.png</image>
     <image>animation_4_107.png</image>
     <image>animation_4_108.png</image>
     <image>animation_4_109.png</image>
     <image>animation_4_110.png</image>
     <image>animation_4_111.png</image>
     <image>animation_4_112.png</image>
     <image>animation_4_113.png</image>
     <image>animation_4_114.png</image>
     <image>animation_4_115.png</image>
     <image>animation_4_116.png</image>
     <image>animation_4_117.png</image>
     <image>animation_4_118.png</image>
     <image>animation_4_119.png</image>
     <image>animation_4_120.png</image>
     <image>animation_4_121.png</image>
     <image>animation_4_122.png</image>
     <image>animation_4_123.png</image>
     <image>animation_4_124.png</image>
     <image>animation_4_125.png</image>
     <image>animation_4_126.png</image>
     <image>animation_4_127.png</image>
     <image>animation_4_128.png</image>
     <image>animation_4_129.png</image>
     <image>animation_4_130.png</image>
     <image>animation_4_131.png</image>
     <image>animation_4_132.png</image>
     <image>animation_4_133.png</image>
     <image>animation_4_134.png</image>
     <image>animation_4_135.png</image>
     <image>animation_4_136.png</image>
     <image>animation_4_137.png</image>
     <image>animation_4_138.png</image>
     <image>animation_4_139.png</image>
     <image>animation_4_140.png</image>
     <image>animation_4_141.png</image>
     <image>animation_4_142.png</image>
     <image>animation_4_143.png</image>
     <image>animation_4_144.png</image>
     <image>animation_4_145.png</image>
     <image>animation_4_146.png</image>
     <image>animation_4_147.png</image>
     <image>animation_4_148.png</image>
     <image>animation_4_149.png</image>
     <image>animation_4_150.png</image>
     <image>animation_4_151.png</image>
     <image>animation_4_152.png</image>
     <image>animation_4_153.png</image>
     <image>animation_4_154.png</image>
     <image>animation_4_155.png</image>
     <image>animation_4_156.png</image>
     <image>animation_4_157.png</image>
     <image>animation_4_158.png</image>
     <image>animation_4_159.png</image>
     <image>animation_4_160.png</image>
     <image>animation_4_161.png</image>
     <image>animation_4_162.png</image>
     <image>animation_4_163.png</image>
     <image>animation_4_164.png</image>
     <image>animation_4_165.png</image>
     <image>animation_4_166.png</image>
     <image>animation_4_167.png</image>
     <image>animation_4_168.png</image>
     <image>animation_4_169.png</image>
     <image>animation_4_170.png</image>
     <image>animation_4_171.png</image>
     <image>animation_4_172.png</image>
     <image>animation_4_173.png</image>
     <image>animation_4_174.png</image>
     <image>animation_4_175.png</image>
     <image>animation_4_176.png</image>
     <image>animation_4_177.png</image>
     <image>animation_4_178.png</image>
     <image>animation_4_179.png</image>
     <image>animation_4_180.png</image>
     <image>animation_4_181.png</image>
     <image>animation_4_182.png</image>
     <image>animation_4_183.png</image>
     <image>animation_4_184.png</image>
     <image>animation_4_185.png</image>
     <image>animation_4_186.png</image>
     <image>animation_4_187.png</image>
     <image>animation_4_188.png</image>
     <image>animation_4_189.png</image>
     <image>animation_4_190.png</image>
     <image>animation_4_191.png</image>
     <image>animation_4_192.png</image>
     <image>animation_4_193.png</image>
     <image>animation_4_194.png</image>
     <image>animation_4_195.png</image>
     <image>animation_4_196.png</image>
     <image>animation_4_197.png</image>
     <image>animation_4_198.png</image>
     <image>animation_4_199.png</image>
     <image>animation_4_200.png</image>
     <image>animation_4_201.png</image>
     <image>animation_4_202.png</image>
     <image>animation_4_203.png</image>
     <image>animation_4_204.png</image>
     <image>animation_4_205.png</image>
     <image>animation_4_206.png</image>
     <image>animation_4_207.png</image>
     <image>animation_4_208.png</image>
     <image>animation_4_209.png</image>
     <image>animation_4_210.png</image>
     <image>animation_4_211.png</image>
     <image>animation_4_212.png</image>
     <image>animation_4_213.png</image>
     <image>animation_4_214.png</image>
     <image>animation_4_215.png</image>
     <image>animation_4_216.png</image>
     <image>animation_4_217.png</image>
     <image>animation_4_218.png</image>
     <image>animation_4_219.png</image>
     <image>animation_4_220.png</image>
     <image>animation_4_221.png</image>
     <image>animation_4_222.png</image>
     <image>animation_4_223.png</image>
     <image>animation_4_224.png</image>
     <image>animation_4_225.png</image>
     <image>animation_4_226.png</image>
     <image>animation_4_227.png</image>
     <image>animation_4_228.png</image>
     <image>animation_4_229.png</image>
     <image>animation_4_230.png</image>
     <image>animation_4_231.png</image>
     <image>animation_4_232.png</image>
     <image>animation_4_233.png</image>
     <image>animation_4_234.png</image>
     <image>animation_4_235.png</image>
     <image>animation_4_236.png</image>
     <image>animation_4_237.png</image>
     <image>animation_4_238.png</image>
     <image>animation_4_239.png</image>
     <image>animation_4_240.png</image>
     <image>animation_4_241.png</image>
     <image>animation_4_242.png</image>
     <image>animation_4_243.png</image>
     <image>animation_4_244.png</image>
     <image>animation_4_245.png</image>
     <image>animation_4_246.png</image>
     <image>animation_4_247.png</image>
     <image>animation_4_248.png</image>
     <image>animation_4_249.png</image>
     <image>animation_4_250.png</image>
     <image>animation_4_251.png</image>
     <image>animation_4_252.png</image>
     <image>animation_4_253.png</image>
     <image>animation_4_254.png</image>
     <image>animation_4_255.png</image>
     <image>animation_4_256.png</image>
     <image>animation_4_257.png</image>
     <image>animation_4_258.png</image>
     <image>animation_4_259.png</image>
     <image>animation_4_260.png</image>
     <image>animation_4_261.png</image>
     <image>animation_4_262.png</image>
     <image>animation_4_263.png</image>
     <image>animation_4_264.png</image>
     <image>animation_4_265.png</image>
     <image>animation_4_266.png</image>
     <image>animation_4_267.png</image>
     <image>animation_4_268.png</image>
     <image>animation_4_269.png</image>
     <image>animation_4_270.png</image>
     <image>animation_4_271.png</image>
     <image>animation_4_272.png</image>
     <image>animation_4_273.png</image>
     <image>animation_4_274.png</image>
     <image>animation_4_275.png</image>
     <image>animation_4_276.png</image>
     <image>animation_4_277.png</image>
     <image>animation_4_278.png</image>
     <image>animation_4_279.png</image>
     <image>animation_4_280.png</image>
     <image>animation_4_281.png</image>
     <image>animation_4_282.png</image>
     <image>animation_4_283.png</image>
     <image>animation_4_284.png</image>
     <image>animation_4_285.png</image>
     <image>animation_4_286.png</image>
     <image>animation_4_287.png</image>
     <image>animation_4_288.png</image>
     <image>animation_4_289.png</image>
     <image>animation_4_290.png</image>
     <image>animation_4_291.png</image>
     <image>animation_4_292.png</image>
     <image>animation_4_293.png</image>
     <image>animation_4_294.png</image>
     <image>animation_4_295.png</image>
     <image>animation_4_296.png</image>
     <image>animation_4_297.png</image>
     <image>animation_4_298.png</image>
     <image>animation_4_299.png</image>
</drawables>
