<?xml version="1.0" encoding="utf-8"?>
<drawables>
     <image>animation_7_0.png</image>
     <image>animation_7_1.png</image>
     <image>animation_7_2.png</image>
     <image>animation_7_3.png</image>
     <image>animation_7_4.png</image>
     <image>animation_7_5.png</image>
     <image>animation_7_6.png</image>
     <image>animation_7_7.png</image>
     <image>animation_7_8.png</image>
     <image>animation_7_9.png</image>
     <image>animation_7_10.png</image>
     <image>animation_7_11.png</image>
     <image>animation_7_12.png</image>
     <image>animation_7_13.png</image>
     <image>animation_7_14.png</image>
     <image>animation_7_15.png</image>
     <image>animation_7_16.png</image>
     <image>animation_7_17.png</image>
     <image>animation_7_18.png</image>
     <image>animation_7_19.png</image>
     <image>animation_7_20.png</image>
     <image>animation_7_21.png</image>
     <image>animation_7_22.png</image>
     <image>animation_7_23.png</image>
     <image>animation_7_24.png</image>
     <image>animation_7_25.png</image>
     <image>animation_7_26.png</image>
     <image>animation_7_27.png</image>
     <image>animation_7_28.png</image>
     <image>animation_7_29.png</image>
     <image>animation_7_30.png</image>
     <image>animation_7_31.png</image>
     <image>animation_7_32.png</image>
     <image>animation_7_33.png</image>
     <image>animation_7_34.png</image>
     <image>animation_7_35.png</image>
     <image>animation_7_36.png</image>
     <image>animation_7_37.png</image>
     <image>animation_7_38.png</image>
     <image>animation_7_39.png</image>
     <image>animation_7_40.png</image>
     <image>animation_7_41.png</image>
     <image>animation_7_42.png</image>
     <image>animation_7_43.png</image>
     <image>animation_7_44.png</image>
     <image>animation_7_45.png</image>
     <image>animation_7_46.png</image>
     <image>animation_7_47.png</image>
     <image>animation_7_48.png</image>
     <image>animation_7_49.png</image>
     <image>animation_7_50.png</image>
     <image>animation_7_51.png</image>
     <image>animation_7_52.png</image>
     <image>animation_7_53.png</image>
     <image>animation_7_54.png</image>
     <image>animation_7_55.png</image>
     <image>animation_7_56.png</image>
     <image>animation_7_57.png</image>
     <image>animation_7_58.png</image>
     <image>animation_7_59.png</image>
     <image>animation_7_60.png</image>
     <image>animation_7_61.png</image>
     <image>animation_7_62.png</image>
     <image>animation_7_63.png</image>
     <image>animation_7_64.png</image>
     <image>animation_7_65.png</image>
     <image>animation_7_66.png</image>
     <image>animation_7_67.png</image>
     <image>animation_7_68.png</image>
     <image>animation_7_69.png</image>
     <image>animation_7_70.png</image>
     <image>animation_7_71.png</image>
     <image>animation_7_72.png</image>
     <image>animation_7_73.png</image>
     <image>animation_7_74.png</image>
     <image>animation_7_75.png</image>
     <image>animation_7_76.png</image>
     <image>animation_7_77.png</image>
     <image>animation_7_78.png</image>
     <image>animation_7_79.png</image>
     <image>animation_7_80.png</image>
     <image>animation_7_81.png</image>
     <image>animation_7_82.png</image>
     <image>animation_7_83.png</image>
     <image>animation_7_84.png</image>
     <image>animation_7_85.png</image>
     <image>animation_7_86.png</image>
     <image>animation_7_87.png</image>
     <image>animation_7_88.png</image>
     <image>animation_7_89.png</image>
     <image>animation_7_90.png</image>
     <image>animation_7_91.png</image>
     <image>animation_7_92.png</image>
     <image>animation_7_93.png</image>
     <image>animation_7_94.png</image>
     <image>animation_7_95.png</image>
     <image>animation_7_96.png</image>
     <image>animation_7_97.png</image>
     <image>animation_7_98.png</image>
     <image>animation_7_99.png</image>
     <image>animation_7_100.png</image>
     <image>animation_7_101.png</image>
     <image>animation_7_102.png</image>
     <image>animation_7_103.png</image>
     <image>animation_7_104.png</image>
     <image>animation_7_105.png</image>
     <image>animation_7_106.png</image>
     <image>animation_7_107.png</image>
     <image>animation_7_108.png</image>
     <image>animation_7_109.png</image>
     <image>animation_7_110.png</image>
     <image>animation_7_111.png</image>
     <image>animation_7_112.png</image>
     <image>animation_7_113.png</image>
     <image>animation_7_114.png</image>
     <image>animation_7_115.png</image>
     <image>animation_7_116.png</image>
     <image>animation_7_117.png</image>
     <image>animation_7_118.png</image>
     <image>animation_7_119.png</image>
     <image>animation_7_120.png</image>
     <image>animation_7_121.png</image>
     <image>animation_7_122.png</image>
     <image>animation_7_123.png</image>
     <image>animation_7_124.png</image>
     <image>animation_7_125.png</image>
     <image>animation_7_126.png</image>
     <image>animation_7_127.png</image>
     <image>animation_7_128.png</image>
     <image>animation_7_129.png</image>
     <image>animation_7_130.png</image>
     <image>animation_7_131.png</image>
     <image>animation_7_132.png</image>
     <image>animation_7_133.png</image>
     <image>animation_7_134.png</image>
     <image>animation_7_135.png</image>
     <image>animation_7_136.png</image>
     <image>animation_7_137.png</image>
     <image>animation_7_138.png</image>
     <image>animation_7_139.png</image>
     <image>animation_7_140.png</image>
     <image>animation_7_141.png</image>
     <image>animation_7_142.png</image>
     <image>animation_7_143.png</image>
     <image>animation_7_144.png</image>
     <image>animation_7_145.png</image>
     <image>animation_7_146.png</image>
     <image>animation_7_147.png</image>
     <image>animation_7_148.png</image>
     <image>animation_7_149.png</image>
     <image>animation_7_150.png</image>
     <image>animation_7_151.png</image>
     <image>animation_7_152.png</image>
     <image>animation_7_153.png</image>
     <image>animation_7_154.png</image>
     <image>animation_7_155.png</image>
     <image>animation_7_156.png</image>
     <image>animation_7_157.png</image>
     <image>animation_7_158.png</image>
     <image>animation_7_159.png</image>
     <image>animation_7_160.png</image>
     <image>animation_7_161.png</image>
     <image>animation_7_162.png</image>
     <image>animation_7_163.png</image>
     <image>animation_7_164.png</image>
     <image>animation_7_165.png</image>
     <image>animation_7_166.png</image>
     <image>animation_7_167.png</image>
     <image>animation_7_168.png</image>
     <image>animation_7_169.png</image>
     <image>animation_7_170.png</image>
     <image>animation_7_171.png</image>
     <image>animation_7_172.png</image>
     <image>animation_7_173.png</image>
     <image>animation_7_174.png</image>
     <image>animation_7_175.png</image>
     <image>animation_7_176.png</image>
     <image>animation_7_177.png</image>
     <image>animation_7_178.png</image>
     <image>animation_7_179.png</image>
     <image>animation_7_180.png</image>
     <image>animation_7_181.png</image>
     <image>animation_7_182.png</image>
     <image>animation_7_183.png</image>
     <image>animation_7_184.png</image>
     <image>animation_7_185.png</image>
     <image>animation_7_186.png</image>
     <image>animation_7_187.png</image>
     <image>animation_7_188.png</image>
     <image>animation_7_189.png</image>
     <image>animation_7_190.png</image>
     <image>animation_7_191.png</image>
     <image>animation_7_192.png</image>
     <image>animation_7_193.png</image>
     <image>animation_7_194.png</image>
     <image>animation_7_195.png</image>
     <image>animation_7_196.png</image>
     <image>animation_7_197.png</image>
     <image>animation_7_198.png</image>
     <image>animation_7_199.png</image>
     <image>animation_7_200.png</image>
     <image>animation_7_201.png</image>
     <image>animation_7_202.png</image>
     <image>animation_7_203.png</image>
     <image>animation_7_204.png</image>
     <image>animation_7_205.png</image>
     <image>animation_7_206.png</image>
     <image>animation_7_207.png</image>
     <image>animation_7_208.png</image>
     <image>animation_7_209.png</image>
     <image>animation_7_210.png</image>
     <image>animation_7_211.png</image>
     <image>animation_7_212.png</image>
     <image>animation_7_213.png</image>
     <image>animation_7_214.png</image>
     <image>animation_7_215.png</image>
     <image>animation_7_216.png</image>
     <image>animation_7_217.png</image>
     <image>animation_7_218.png</image>
     <image>animation_7_219.png</image>
     <image>animation_7_220.png</image>
     <image>animation_7_221.png</image>
     <image>animation_7_222.png</image>
     <image>animation_7_223.png</image>
     <image>animation_7_224.png</image>
     <image>animation_7_225.png</image>
     <image>animation_7_226.png</image>
     <image>animation_7_227.png</image>
     <image>animation_7_228.png</image>
     <image>animation_7_229.png</image>
     <image>animation_7_230.png</image>
     <image>animation_7_231.png</image>
     <image>animation_7_232.png</image>
     <image>animation_7_233.png</image>
     <image>animation_7_234.png</image>
     <image>animation_7_235.png</image>
     <image>animation_7_236.png</image>
     <image>animation_7_237.png</image>
     <image>animation_7_238.png</image>
     <image>animation_7_239.png</image>
     <image>animation_7_240.png</image>
     <image>animation_7_241.png</image>
     <image>animation_7_242.png</image>
     <image>animation_7_243.png</image>
     <image>animation_7_243.png</image>
     <image>animation_7_245.png</image>
     <image>animation_7_246.png</image>
     <image>animation_7_247.png</image>
     <image>animation_7_248.png</image>
     <image>animation_7_249.png</image>
     <image>animation_7_250.png</image>
     <image>animation_7_251.png</image>
     <image>animation_7_252.png</image>
     <image>animation_7_253.png</image>
     <image>animation_7_254.png</image>
     <image>animation_7_255.png</image>
     <image>animation_7_256.png</image>
     <image>animation_7_257.png</image>
     <image>animation_7_258.png</image>
     <image>animation_7_259.png</image>
     <image>animation_7_260.png</image>
     <image>animation_7_261.png</image>
     <image>animation_7_262.png</image>
     <image>animation_7_263.png</image>
     <image>animation_7_264.png</image>
     <image>animation_7_265.png</image>
     <image>animation_7_266.png</image>
     <image>animation_7_267.png</image>
     <image>animation_7_268.png</image>
     <image>animation_7_269.png</image>
     <image>animation_7_270.png</image>
     <image>animation_7_271.png</image>
     <image>animation_7_272.png</image>
     <image>animation_7_273.png</image>
     <image>animation_7_274.png</image>
     <image>animation_7_275.png</image>
     <image>animation_7_276.png</image>
     <image>animation_7_277.png</image>
     <image>animation_7_278.png</image>
     <image>animation_7_279.png</image>
     <image>animation_7_280.png</image>
     <image>animation_7_281.png</image>
     <image>animation_7_282.png</image>
     <image>animation_7_283.png</image>
     <image>animation_7_284.png</image>
     <image>animation_7_285.png</image>
     <image>animation_7_286.png</image>
     <image>animation_7_287.png</image>
     <image>animation_7_288.png</image>
     <image>animation_7_289.png</image>
     <image>animation_7_290.png</image>
     <image>animation_7_291.png</image>
     <image>animation_7_292.png</image>
     <image>animation_7_293.png</image>
     <image>animation_7_294.png</image>
     <image>animation_7_295.png</image>
     <image>animation_7_296.png</image>
     <image>animation_7_297.png</image>
     <image>animation_7_298.png</image>
     <image>animation_7_299.png</image>
</drawables>
