<?xml version="1.0" encoding="utf-8"?>
<clockskin>
	<drawable>
		<name>clock_skin_panel.png</name>
	</drawable>
	<drawable>
		<arraytype>99</arraytype>
		<centerX>-20</centerX>
		<centerY>-100</centerY>
	</drawable>
	<drawable>
		<name>clock_skin_hour.png</name>
		<rotate>1</rotate>
	</drawable>
	<drawable>
		<name>clock_skin_minute.png</name>
		<rotate>2</rotate>
	</drawable>
	<drawable>
		<name>clock_skin_second.png</name>
		<rotate>3</rotate>
	</drawable>
<!--COMMENTED BY ClockSkinMaker
<metadata gui='rra' version='1.3.1.0'/>
-->
</clockskin>