<clockskin>
    <drawable>
        <name>image1.png</name>
    </drawable>
    <drawable>
        <rotate>3</rotate>
        <mulrotate>1</mulrotate>
        <centerX>-29</centerX>
        <centerY>-31</centerY>
        <name>image2.png</name>
    </drawable>
    <drawable>
        <name>image3.png</name>
    </drawable>
    <drawable>
        <name>animated_image_1.xml</name>
        <framerate>8.00000000000000</framerate>
        <centerX>12</centerX>
        <centerY>-76</centerY>
    </drawable>
    <drawable>
        <name>animated_image_2.xml</name>
        <framerate>11.00000000000000</framerate>
        <centerX>-37</centerX>
        <centerY>-35</centerY>
    </drawable>
    <drawable>
        <name>animated_image_3.xml</name>
        <framerate>9.00000000000000</framerate>
        <centerX>33</centerX>
        <centerY>24</centerY>
    </drawable>
    <drawable>
        <name>animated_image_4.xml</name>
        <framerate>14.00000000000000</framerate>
        <centerX>-5</centerX>
        <centerY>80</centerY>
    </drawable>
    <drawable>
        <name>animated_image_5.xml</name>
        <framerate>12.00000000000000</framerate>
        <centerX>-22</centerX>
        <centerY>-60</centerY>
    </drawable>
    <drawable>
        <name>animated_image_6.xml</name>
        <framerate>16.00000000000000</framerate>
        <centerX>26</centerX>
        <centerY>-48</centerY>
    </drawable>
    <drawable>
        <name>animated_image_7.xml</name>
        <framerate>6.00000000000000</framerate>
        <centerX>-13</centerX>
        <centerY>5</centerY>
    </drawable>
    <drawable>
        <name>animated_image_8.xml</name>
        <framerate>16.00000000000000</framerate>
        <centerX>70</centerX>
        <centerY>58</centerY>
    </drawable>
    <drawable>
        <name>animated_image_9.xml</name>
        <framerate>12.00000000000000</framerate>
        <centerX>-64</centerX>
        <centerY>57</centerY>
    </drawable>
    <drawable>
        <name>animated_image_10.xml</name>
        <framerate>7.00000000000000</framerate>
        <centerX>-8</centerX>
        <centerY>-89</centerY>
    </drawable>
    <drawable>
        <name>animated_image_11.xml</name>
        <framerate>8.00000000000000</framerate>
        <centerX>18</centerX>
        <centerY>-21</centerY>
    </drawable>
    <drawable>
        <name>animated_image_12.xml</name>
        <framerate>11.00000000000000</framerate>
        <centerX>-52</centerX>
        <centerY>10</centerY>
    </drawable>
    <drawable>
        <name>animated_image_13.xml</name>
        <framerate>11.00000000000000</framerate>
        <centerX>33</centerX>
        <centerY>62</centerY>
    </drawable>
    <drawable>
        <name>animated_image_14.xml</name>
        <framerate>14.00000000000000</framerate>
        <centerX>-50</centerX>
        <centerY>98</centerY>
    </drawable>
    <drawable>
        <name>animated_image_15.xml</name>
        <framerate>14.00000000000000</framerate>
        <centerX>-5</centerX>
        <centerY>-41</centerY>
    </drawable>
    <drawable>
        <name>animated_image_16.xml</name>
        <framerate>10.00000000000000</framerate>
        <centerX>-29</centerX>
        <centerY>48</centerY>
    </drawable>
    <drawable>
        <name>animated_image_17.xml</name>
        <framerate>16.00000000000000</framerate>
        <centerX>47</centerX>
        <centerY>1</centerY>
    </drawable>
    <drawable>
        <name>animated_image_18.xml</name>
        <framerate>7.00000000000000</framerate>
        <centerX>50</centerX>
        <centerY>98</centerY>
    </drawable>
    <drawable>
        <name>animated_image_19.xml</name>
        <framerate>8.00000000000000</framerate>
        <centerX>-1</centerX>
        <centerY>-115</centerY>
    </drawable>
    <drawable>
        <name>image4.png</name>
    </drawable>
    <drawable>
        <rotate>3</rotate>
        <mulrotate>1</mulrotate>
        <name>image5.png</name>
    </drawable>
    <drawable>
        <name>digital1.xml</name>
        <arraytype>7</arraytype>
        <centerX>-111</centerX>
        <centerY>-5</centerY>
    </drawable>
    <drawable>
        <name>digital2.xml</name>
        <arraytype>8</arraytype>
        <centerX>124</centerX>
        <centerY>-5</centerY>
    </drawable>
    <drawable>
        <name>digital3.xml</name>
        <arraytype>9</arraytype>
        <centerX>-2</centerX>
        <centerY>136</centerY>
    </drawable>
    <drawable>
        <name>image6.png</name>
    </drawable>
</clockskin>
