<?xml version="1.0" encoding="utf-8"?>
<drawables>
     <image>animation_1_0.png</image>
     <image>animation_1_1.png</image>
     <image>animation_1_2.png</image>
     <image>animation_1_3.png</image>
     <image>animation_1_4.png</image>
     <image>animation_1_5.png</image>
     <image>animation_1_0.png</image>
     <image>animation_1_7.png</image>
     <image>animation_1_4.png</image>
     <image>animation_1_1.png</image>
     <image>animation_1_3.png</image>
     <image>animation_1_7.png</image>
     <image>animation_1_0.png</image>
     <image>animation_1_0.png</image>
     <image>animation_1_0.png</image>
</drawables>
