<?xml version="1.0" encoding="utf-8"?>
<drawables>
     <image>animation_3_0.png</image>
     <image>animation_3_1.png</image>
     <image>animation_3_2.png</image>
     <image>animation_3_3.png</image>
     <image>animation_3_4.png</image>
     <image>animation_3_5.png</image>
     <image>animation_3_0.png</image>
     <image>animation_3_7.png</image>
     <image>animation_3_4.png</image>
     <image>animation_3_1.png</image>
     <image>animation_3_3.png</image>
     <image>animation_3_7.png</image>
     <image>animation_3_5.png</image>
     <image>animation_3_13.png</image>
     <image>animation_3_13.png</image>
</drawables>
