<clockskin>
    <drawable>
        <name>image1.png</name>
    </drawable>
    <drawable>
        <name>animated_image_1.xml</name>
        <framerate>10.00000000000000</framerate>
        <centerX>-67</centerX>
        <centerY>-62</centerY>
    </drawable>
    <drawable>
        <name>animated_image_2.xml</name>
        <framerate>10.00000000000000</framerate>
        <centerX>73</centerX>
        <centerY>-62</centerY>
    </drawable>
    <drawable>
        <name>animated_image_3.xml</name>
        <framerate>10.00000000000000</framerate>
        <centerX>0</centerX>
        <centerY>20</centerY>
    </drawable>
    <drawable>
        <name>image2.png</name>
    </drawable>
    <drawable>
        <name>animated_image_4.xml</name>
        <framerate>15.00000000000000</framerate>
        <centerX>0</centerX>
        <centerY>20</centerY>
    </drawable>
    <drawable>
        <name>image3.png</name>
    </drawable>
    <drawable>
        <name>animated_image_5.xml</name>
        <framerate>15.00000000000000</framerate>
        <centerX>-27</centerX>
        <centerY>94</centerY>
    </drawable>
    <drawable>
        <name>animated_image_6.xml</name>
        <framerate>15.00000000000000</framerate>
        <centerX>32</centerX>
        <centerY>94</centerY>
    </drawable>
    <drawable>
        <name>image4.png</name>
    </drawable>
    <drawable>
        <name>animated_image_7.xml</name>
        <framerate>10.00000000000000</framerate>
    </drawable>
    <drawable>
        <name>animated_image_8.xml</name>
        <framerate>10.00000000000000</framerate>
    </drawable>
    <drawable>
        <name>animated_image_9.xml</name>
        <framerate>10.00000000000000</framerate>
    </drawable>
    <drawable>
        <name>animated_image_10.xml</name>
        <framerate>10.00000000000000</framerate>
    </drawable>
    <drawable>
        <name>animated_image_11.xml</name>
        <framerate>10.00000000000000</framerate>
    </drawable>
    <drawable>
        <name>animated_image_12.xml</name>
        <framerate>10.00000000000000</framerate>
    </drawable>
    <drawable>
        <name>animated_image_13.xml</name>
        <framerate>10.00000000000000</framerate>
    </drawable>
    <drawable>
        <name>animated_image_14.xml</name>
        <framerate>10.00000000000000</framerate>
    </drawable>
    <drawable>
        <name>animated_image_15.xml</name>
        <framerate>10.00000000000000</framerate>
    </drawable>
    <drawable>
        <name>animated_image_16.xml</name>
        <framerate>10.00000000000000</framerate>
    </drawable>
    <drawable>
        <name>animated_image_17.xml</name>
        <framerate>10.00000000000000</framerate>
    </drawable>
    <drawable>
        <name>animated_image_18.xml</name>
        <framerate>10.00000000000000</framerate>
    </drawable>
    <drawable>
        <name>animated_image_19.xml</name>
        <framerate>20.00000000000000</framerate>
        <rotate>1</rotate>
        <mulrotate>1</mulrotate>
    </drawable>
    <drawable>
        <name>animated_image_20.xml</name>
        <framerate>20.00000000000000</framerate>
        <rotate>2</rotate>
        <mulrotate>1</mulrotate>
    </drawable>
</clockskin>
