<?xml version="1.0" encoding="utf-8"?>
<clockskin>
	<drawable>
		<name>panel.png</name>
	</drawable>
	<drawable>
		<name>heartrate.xml</name>
		<arraytype>13</arraytype>
		<centerX>-4</centerX>
		<centerY>-113</centerY>
	</drawable>
	<drawable>
		<name>battery.xml</name>
		<arraytype>14</arraytype>
		<centerX>-11</centerX>
		<centerY>-61</centerY>
	</drawable>
	<drawable>
		<name>steps.xml</name>
		<arraytype>12</arraytype>
		<centerX>-7</centerX>
		<centerY>70</centerY>
	</drawable>
	<drawable>
		<name>day_1.xml</name>
		<arraytype>5</arraytype>
		<centerX>7</centerX>
		<centerY>115</centerY>
	</drawable>
	<drawable>
		<name>day.xml</name>
		<arraytype>4</arraytype>
		<centerX>106</centerX>
		<centerY>61</centerY>
	</drawable>
	<drawable>
		<name>arrow_battery_2.png</name>
		<rotate>6</rotate>
		<centerY>-90</centerY>
		<direction>1</direction>
		<mulrotate>2</mulrotate>
	</drawable>
	<drawable>
		<name>arrow_battery.png</name>
		<rotate>7</rotate>
		<centerY>91</centerY>
	</drawable>
	<drawable>
		<name>arrow_hour_shadow.png</name>
		<rotate>8</rotate>
		<centerX>3</centerX>
		<centerY>4</centerY>
	</drawable>
	<drawable>
		<name>arrow_hour.png</name>
		<rotate>1</rotate>
	</drawable>
	<drawable>
		<name>arrow_minute_shadow.png</name>
		<rotate>9</rotate>
		<centerX>7</centerX>
		<centerY>7</centerY>
	</drawable>
	<drawable>
		<name>arrow_minute.png</name>
		<rotate>2</rotate>
	</drawable>
	<drawable>
		<name>arrow_second_shadow.png</name>
		<rotate>10</rotate>
		<centerX>4</centerX>
		<centerY>6</centerY>
	</drawable>
	<drawable>
		<name>arrow_second.png</name>
		<rotate>3</rotate>
	</drawable>
<!--COMMENTED BY ClockSkinMaker
<metadata gui='rra' version='1.6.0.0'/>
-->
</clockskin>