<?xml version="1.0" encoding="utf-8"?>
<drawables>
	<image>day_1_sun.png</image>
	<image>day_1_mon.png</image>
	<image>day_1_tue.png</image>
	<image>day_1_wed.png</image>
	<image>day_1_thu.png</image>
	<image>day_1_fri.png</image>
	<image>day_1_sat.png</image>
<!--COMMENTED BY ClockSkinMaker
<metadata gui='rra' version='1.6.0.0' type='array_weekday' forecolor='CEA330' autoscale='0' font='Swis721 Cn BT' fontstyle='Bold' fontsize='14,25'>
<content>sun</content>
<content>mon</content>
<content>tue</content>
<content>wed</content>
<content>thu</content>
<content>fri</content>
<content>sat</content>
</metadata>
-->
</drawables>