<?xml version="1.0" encoding="utf-8"?>
<clockskin>
       <drawable>
		<name>image4.png</name> 
        <centerX>-78</centerX>
        <centerY>2</centerY>
	</drawable>
     <drawable>
        <rotate>13</rotate>
        <rotatemode>8</rotatemode>
        <startAngle>0</startAngle>
        <angle>285</angle>
        <direction>2</direction>
        <mulrotate>-2</mulrotate>
        <centerX>-78</centerX>
        <centerY>2</centerY>
        <name>image3.png</name>
    </drawable>   
	<drawable>
		<name>PREDATOR.png</name>
	</drawable>
	<drawable>
		<name>kor.xml</name>
		<arraytype>12</arraytype>
		<centerX>-77</centerX>
		<centerY>35</centerY>
	</drawable>
	<drawable>
		<name>KM.xml</name>
		<arraytype>60</arraytype>
		<centerX>86</centerX>
		<centerY>34</centerY>
	</drawable>
	<drawable>
		<name>image1.png</name>
		<rotate>6</rotate>
		<centerX>84</centerX>
	</drawable>
	<drawable>
		<name>srce.xml</name>
		<arraytype>13</arraytype>
		<centerX>-3</centerX>
		<centerY>64</centerY>
	</drawable>
	<drawable>
		<name>image2.png</name>
	</drawable>
	<drawable>
		<name>ura.xml</name>
		<arraytype>6</arraytype>
		<centerX>2</centerX>
		<centerY>-102</centerY>
	</drawable>
	<drawable>
		<name>mes.xml</name>
		<arraytype>3</arraytype>
	</drawable>
	<drawable>
		<name>sek.xml</name>
		<arraytype>9</arraytype>
		<centerX>72</centerX>
		<centerY>-97</centerY>
	</drawable>
	<drawable>
		<name>digital9_1.xml</name>
		<arraytype>13</arraytype>
	</drawable>
	<drawable>
		<name>PREDATOR-ure.png</name>
		<rotate>1</rotate>
	</drawable>
	<drawable>
		<name>PREDATOR-min.png</name>
		<rotate>2</rotate>
	</drawable>
	<drawable>
		<name>digital15_1.xml</name>
		<arraytype>9</arraytype>
		<centerX>-200</centerX>
	</drawable>
	<drawable>
		<name>digital16.xml</name>
		<arraytype>9</arraytype>
		<centerX>200</centerX>
	</drawable>
        <drawable>
		<name>digital10.xml</name>
		<arraytype>5</arraytype>
	</drawable>
        <drawable>
		<name>digital1_1.xml</name>
		<arraytype>4</arraytype>
		<centerX>295</centerX>
		<centerY>105</centerY>
	</drawable>
	<drawable>
		<name>digital1.xml</name>
		<arraytype>4</arraytype>
		<centerX>-92</centerX>
		<centerY>94</centerY>
	</drawable> 
        <drawable>
		<name>OUT.xml</name>
		<arraytype>80</arraytype>        
	</drawable>
        <drawable>
		<name>HR.xml</name>
        <arraytype>81</arraytype>
		<mulrotate>1</mulrotate>
                <centerX>0</centerX>
		<centerY>0</centerY>
	</drawable>
	<drawable>
		<name>MIN.xml</name>
        <arraytype>82</arraytype>
		<mulrotate>1</mulrotate> 
                <centerX>0</centerX>
		<centerY>0</centerY>
	</drawable>
        <drawable>
		<name>SEC.xml</name>
		<arraytype>83</arraytype> 
		<mulrotate>1</mulrotate>
	</drawable> 
        <drawable>
    <!--heart_rate-->
       <arraytype>100</arraytype>
       <centerX>3</centerX>
       <centerY>40</centerY>
       <range>40</range>
       <cls>com.android.heartrate.HeartRateMonitorActivity</cls>
       <pkg>com.cenon.heartrate</pkg>
    </drawable>
      <drawable>
        <arraytype>100</arraytype>
        <centerX>162</centerX>
        <centerY>45</centerY>
        <range>40</range>
        <cls>com.android.watchweather.WeatherActivity</cls>
	<pkg>com.android.watchweather</pkg>
    </drawable>
<!--COMMENTED BY ClockSkinMaker
<metadata gui='rra' version='2.0.0.2'/>
-->
</clockskin>