<?xml version="1.0" encoding="utf-8"?>
<drawables>
	<image>digital10_sun.png</image>
	<image>digital10_mon.png</image>
	<image>digital10_tue.png</image>
	<image>digital10_wed.png</image>
	<image>digital10_thu.png</image>
	<image>digital10_fri.png</image>
	<image>digital10_sat.png</image>
<!--COMMENTED BY ClockSkinMaker
<metadata gui='rra' version='1.5.0.0' type='array_weekday' forecolor='FFFFFF' autoscale='0' font='Arial' fontstyle='Bold' fontsize='14,25'>
<content>Nedelja</content>
<content>Ponedeljek</content>
<content>Torek</content>
<content>Sreda</content>
<content>Četrtek</content>
<content>Petek</content>
<content>Sobota</content>
</metadata>
-->
</drawables>