<clockskin>
    <drawable>
        <name>image1.png</name>
    </drawable>
    <drawable>
        <name>image2.png</name>
        <rotate>1</rotate>
        <mulrotate>1</mulrotate>
        <centerX>37</centerX>
        <centerY>-68</centerY>
    </drawable>
    <drawable>
        <name>image3.png</name>
        <rotate>2</rotate>
        <mulrotate>1</mulrotate>
        <centerX>38</centerX>
        <centerY>-67</centerY>
    </drawable>
    <drawable>
        <name>digital1.xml</name>
        <arraytype>14</arraytype>
        <centerX>-149</centerX>
        <centerY>-8</centerY>
    </drawable>
    <drawable>
        <name>digital2.xml</name>
        <arraytype>4</arraytype>
        <centerX>143</centerX>
        <centerY>-8</centerY>
    </drawable>
</clockskin>
