<?xml version="1.0" encoding="utf-8"?>
<clockskin>
	<drawable>
		<name>PokemonEnergy2.png</name>
	</drawable>
	<drawable>
		<name>horas_corrigido.xml</name>
		<arraytype>6</arraytype>
		<centerX>4</centerX>
		<centerY>-96</centerY>
	</drawable>
	<drawable>
		<name>data.xml</name>
		<arraytype>1</arraytype>
		<centerX>4</centerX>
		<centerY>123</centerY>
	</drawable>
	<drawable>
		<name>bateryLevel.xml</name>
		<arraytype>14</arraytype>
		<centerY>168</centerY>
	</drawable>
	<drawable>
		<name>semana.xml</name>
		<arraytype>5</arraytype>
		<centerX>110</centerX>
		<centerY>145</centerY>
	</drawable>
	<drawable>
		<color>1</color>
		<arraytype>99</arraytype>
		<centerX>67</centerX>
		<centerY>-29</centerY>
	</drawable>
<!--COMMENTED BY ClockSkinMaker
<metadata gui='rra' version='1.4.0.0'/>
-->
</clockskin>