<?xml version="1.0" encoding="utf-8"?>
<drawables>
	<image>semana_sun.png</image>
	<image>semana_mon.png</image>
	<image>semana_tue.png</image>
	<image>semana_wed.png</image>
	<image>semana_thu.png</image>
	<image>semana_fri.png</image>
	<image>semana_sat.png</image>
<!--COMMENTED BY ClockSkinMaker
<metadata gui='rra' version='1.4.0.0' type='array_weekday' autoscale='1' font='Pokemon Generation 1' fontstyle='Regular' fontsize='9.142859'>
<content>Sun</content>
<content>Mon</content>
<content>Tue</content>
<content>Wed</content>
<content>Thu</content>
<content>Fri</content>
<content>Sat</content>
</metadata>
-->
</drawables>