<clockskin>
    <drawable>
        <name>image1.png</name>
    </drawable>
    <drawable>
        <name>animated_image_1.xml</name>
        <framerate>5.00000000000000</framerate>
        <centerX>-48</centerX>
        <centerY>-16</centerY>
    </drawable>
    <drawable>
        <rotate>2</rotate>
        <direction>2</direction>
        <mulrotate>30</mulrotate>
        <centerX>-11</centerX>
        <centerY>-30</centerY>
        <name>image2.png</name>
    </drawable>
    <drawable>
        <name>image3.png</name>
    </drawable>
    <drawable>
        <name>animated_image_2.xml</name>
        <framerate>80.00000000000000</framerate>
        <centerX>-110</centerX>
        <centerY>-8</centerY>
    </drawable>
    <drawable>
        <rotate>3</rotate>
        <mulrotate>80</mulrotate>
        <centerX>-110</centerX>
        <centerY>-8</centerY>
        <name>image4.png</name>
    </drawable>
    <drawable>
        <rotate>3</rotate>
        <direction>2</direction>
        <mulrotate>80</mulrotate>
        <centerX>-110</centerX>
        <centerY>-8</centerY>
        <name>image4.png</name>
    </drawable>
    <drawable>
        <rotate>2</rotate>
        <direction>2</direction>
        <mulrotate>10</mulrotate>
        <centerX>31</centerX>
        <centerY>-26</centerY>
        <name>image6.png</name>
    </drawable>
    <drawable>
        <name>digital1.xml</name>
        <arraytype>61</arraytype>
        <centerX>-8</centerX>
        <centerY>104</centerY>
    </drawable>
    <drawable>
        <rotate>2</rotate>
        <direction>2</direction>
        <mulrotate>16</mulrotate>
        <centerX>-8</centerX>
        <centerY>105</centerY>
        <name>image7.png</name>
    </drawable>
    <drawable>
        <name>image8.png</name>
    </drawable>
    <drawable>
        <rotate>2</rotate>
        <mulrotate>16</mulrotate>
        <centerX>-8</centerX>
        <centerY>105</centerY>
        <name>image9.png</name>
    </drawable>
    <drawable>
        <rotate>3</rotate>
        <direction>2</direction>
        <mulrotate>1</mulrotate>
        <centerX>84</centerX>
        <centerY>37</centerY>
        <name>image10.png</name>
    </drawable>
    <drawable>
        <rotate>2</rotate>
        <mulrotate>128</mulrotate>
        <centerX>162</centerX>
        <centerY>40</centerY>
        <name>image11.png</name>
    </drawable>
    <drawable>
        <rotate>2</rotate>
        <direction>2</direction>
        <mulrotate>48</mulrotate>
        <centerX>125</centerX>
        <centerY>55</centerY>
        <name>image12.png</name>
    </drawable>
    <drawable>
        <name>image13.png</name>
    </drawable>
    <drawable>
        <rotate>2</rotate>
        <direction>2</direction>
        <mulrotate>56</mulrotate>
        <centerX>128</centerX>
        <centerY>107</centerY>
        <name>image14.png</name>
    </drawable>
    <drawable>
        <rotate>2</rotate>
        <direction>2</direction>
        <mulrotate>48</mulrotate>
        <centerX>93</centerX>
        <centerY>142</centerY>
        <name>image15.png</name>
    </drawable>
    <drawable>
        <name>animated_image_3.xml</name>
        <framerate>5.00000000000000</framerate>
        <centerX>160</centerX>
        <centerY>-2</centerY>
    </drawable>
    <drawable>
        <name>image16.png</name>
    </drawable>
    <drawable>
        <rotate>1</rotate>
        <mulrotate>1</mulrotate>
        <centerX>-1</centerX>
        <centerY>-112</centerY>
        <name>image17.png</name>
    </drawable>
    <drawable>
        <rotate>2</rotate>
        <mulrotate>1</mulrotate>
        <centerX>0</centerX>
        <centerY>-111</centerY>
        <name>image18.png</name>
    </drawable>
    <drawable>
        <rotate>2</rotate>
        <mulrotate>1</mulrotate>
        <centerX>-1</centerX>
        <centerY>-112</centerY>
        <name>image19.png</name>
    </drawable>
    <drawable>
        <name>animated_image_4.xml</name>
        <framerate>4.00000000000000</framerate>
        <centerX>-117</centerX>
        <centerY>114</centerY>
    </drawable>
    <drawable>
        <name>image20.png</name>
    </drawable>
    <drawable>
        <name>digital2.xml</name>
        <arraytype>63</arraytype>
        <centerX>0</centerX>
        <centerY>0</centerY>
    </drawable>
</clockskin>
