<clockskin>
    <drawable>
        <name>image1.png</name>
    </drawable>
    <drawable>
        <name>digital1.xml</name>
        <arraytype>12</arraytype>
        <centerX>1</centerX>
        <centerY>78</centerY>
    </drawable>
    <drawable>
        <name>image2.png</name>
    </drawable>
    <drawable>
        <name>digital2.xml</name>
        <arraytype>3</arraytype>
        <centerX>-20</centerX>
        <centerY>142</centerY>
    </drawable>
    <drawable>
        <rotate>12</rotate>
        <direction>1</direction>
        <mulrotate>1</mulrotate>
        <centerX>-97</centerX>
        <centerY>-55</centerY>
        <name>image3.png</name>
    </drawable>
    <drawable>
        <name>image4.png</name>
    </drawable>
    <drawable>
        <rotate>5</rotate>
        <direction>1</direction>
        <mulrotate>1</mulrotate>
        <centerX>99</centerX>
        <centerY>-55</centerY>
        <name>image5.png</name>
    </drawable>
    <drawable>
        <name>image6.png</name>
    </drawable>
    <drawable>
        <rotate>1</rotate>
        <direction>1</direction>
        <mulrotate>1</mulrotate>
        <name>image7.png</name>
    </drawable>
    <drawable>
        <rotate>2</rotate>
        <direction>1</direction>
        <mulrotate>1</mulrotate>
        <name>image8.png</name>
    </drawable>
    <drawable>
        <rotate>3</rotate>
        <direction>1</direction>
        <mulrotate>1</mulrotate>
        <name>image9.png</name>
    </drawable>
    <drawable>
        <rotate>3</rotate>
        <direction>1</direction>
        <mulrotate>1</mulrotate>
        <name>image10.png</name>
    </drawable>
    <drawable>
        <rotate>3</rotate>
        <direction>1</direction>
        <mulrotate>1</mulrotate>
        <name>image11.png</name>
    </drawable>
    <drawable>
        <rotate>3</rotate>
        <direction>1</direction>
        <mulrotate>1</mulrotate>
        <name>image12.png</name>
    </drawable>
    <drawable>
        <name>digital3.xml</name>
        <arraytype>4</arraytype>
        <centerX>28</centerX>
        <centerY>142</centerY>
    </drawable>
    <drawable>
        <name>image13.png</name>
    </drawable>
    <drawable>
        <arraytype>100</arraytype>
        <centerX>130</centerX>
        <centerY>0</centerY>
        <range>34</range>
        <cls>com.android.mms.ui.BootActivity</cls>
        <pkg>com.android.mms</pkg>
    </drawable>
    <drawable>
        <arraytype>100</arraytype>
        <centerX>-133</centerX>
        <centerY>1</centerY>
        <range>33</range>
        <cls>com.android.contacts.activities.PeopleActivity</cls>
        <pkg>com.android.contacts</pkg>
    </drawable>
</clockskin>
<!-- Created on WatchFace Designer 0.14.2 beta -->
<!-- Exported for Android 7.1+ Stock ClockSkin Engine -->
