﻿<clockskin>
    <drawable>
        <name>background.png</name>
    </drawable>
    
    
    
          <drawable>
        <name>digital3.xml</name>
        <arraytype>14</arraytype>
        <centerX>-400</centerX>
        <centerY>0</centerY>
    </drawable>
    <drawable>
        <name>digital4.xml</name>
        <arraytype>14</arraytype>
    </drawable>
    <drawable>
        <name>digital88.xml</name>
        <arraytype>14</arraytype>
        <centerX>400</centerX>
        <centerY>0</centerY>
    </drawable>
    
    
    
    <drawable>
        <name>digital1.xml</name>
        <arraytype>6</arraytype>
    </drawable>
    <drawable>
        <name>digital2.xml</name>
        <arraytype>6</arraytype>
        <centerX>0</centerX>
        <centerY>-6</centerY>
    </drawable>
    
    
    
    <drawable>
        <name>digital7.xml</name>
        <arraytype>5</arraytype>
        <centerX>-39</centerX>
        <centerY>-149</centerY>
    </drawable>
    <drawable>
        <name>digital5.xml</name>
        <arraytype>4</arraytype>
        <centerX>4</centerX>
        <centerY>-149</centerY>
    </drawable>
    <drawable>
        <name>digital6.xml</name>
        <arraytype>3</arraytype>
        <centerX>42</centerX>
        <centerY>-149</centerY>
    </drawable>
    
    
    
        <drawable>
        <name>digital9.xml</name>
        <arraytype>12</arraytype>
        <centerX>29</centerX>
        <centerY>150</centerY>
    </drawable>
    <drawable>
        <name>image3.png</name>
    </drawable>
    
    
          <drawable>
              <rotate>3</rotate>
      <mulrotate>1</mulrotate>
        <centerX>3</centerX>
        <centerY>3</centerY>
        <name>secondhandpurple.png</name>
    </drawable>
          <drawable>
              <rotate>3</rotate>
      <mulrotate>1</mulrotate>
        <centerX>-4</centerX>
        <centerY>-4</centerY>
        <name>secondhandblue.png</name>
    </drawable>
          <drawable>
              <rotate>3</rotate>
      <mulrotate>1</mulrotate>
        <centerX>-2</centerX>
        <centerY>-2</centerY>
        <name>secondhandgreen.png</name>
    </drawable>
      <drawable>
              <rotate>3</rotate>
      <mulrotate>1</mulrotate>
        <centerX>0</centerX>
        <centerY>0</centerY>
        <name>secondhandred.png</name>
    </drawable>
          <drawable>
              <rotate>3</rotate>
      <mulrotate>1</mulrotate>
        <centerX>2</centerX>
        <centerY>2</centerY>
        <name>secondhandblack.png</name>
    </drawable>
    
    
</clockskin>
