<?xml version="1.0" encoding="utf-8"?>
<drawables>
	<image>distance_unit_sun.png</image>
	<image>distance_unit_mon.png</image>
	<image>distance_unit_tue.png</image>
	<image>distance_unit_wed.png</image>
	<image>distance_unit_thu.png</image>
	<image>distance_unit_fri.png</image>
	<image>distance_unit_sat.png</image>
<!--COMMENTED BY ClockSkinMaker
<metadata gui='rra' version='1.4.0.0' type='array_weekday' autoscale='1' font='Times New Roman' fontstyle='Regular' fontsize='11,07776'>
<content>meters</content>
<content>miles</content>
<content></content>
<content></content>
<content></content>
<content></content>
<content></content>
</metadata>
-->
</drawables>