<?xml version="1.0" encoding="utf-8"?>
<clockskin>
	<drawable>
		<name>portal.png</name>
		<rotate>3</rotate>
	</drawable>
	<drawable>
		<name>ship.png</name>
		<rotate>3</rotate>
		<centerX>-47</centerX>
		<centerY>-106</centerY>
		<direction>2</direction>
		<mulrotate>64</mulrotate>
	</drawable>
	<drawable>
		<name>morty_face.png</name>
		<centerX>-98</centerX>
		<centerY>8</centerY>
	</drawable>
	<drawable>
		<name>hour.xml</name>
		<arraytype>6</arraytype>
		<centerX>-8</centerX>
		<centerY>-159</centerY>
	</drawable>
	<drawable>
		<name>rick_face.png</name>
		<centerX>66</centerX>
		<centerY>-12</centerY>
	</drawable>
	<drawable>
		<name>morty_right.png</name>
		<rotate>2</rotate>
		<centerX>-76</centerX>
		<centerY>16</centerY>
	</drawable>
	<drawable>
		<name>morty_left.png</name>
		<rotate>1</rotate>
		<centerX>-144</centerX>
		<centerY>14</centerY>
	</drawable>
	<drawable>
		<name>rick_left.png</name>
		<rotate>1</rotate>
		<centerX>52</centerX>
		<centerY>6</centerY>
	</drawable>
	<drawable>
		<name>rick_right.png</name>
		<rotate>2</rotate>
		<centerX>128</centerX>
		<centerY>-4</centerY>
	</drawable>
<!--COMMENTED BY ClockSkinMaker
<metadata gui='rra' version='1.4.8.0'/>
-->
</clockskin>