<?xml version="1.0" encoding="utf-8"?>
<drawables>
	<image>clock_skin_1_num_0_1_2.png</image>
	<image>clock_skin_1_num_1_1_3.png</image>
	<image>clock_skin_1_num_2_1_3.png</image>
	<image>clock_skin_1_num_3_1_3.png</image>
	<image>clock_skin_1_num_4_1_3.png</image>
	<image>clock_skin_1_num_5_1_3.png</image>
	<image>clock_skin_1_num_6_1_3.png</image>
	<image>clock_skin_1_num_7_1_3.png</image>
	<image>clock_skin_1_num_8_1_3.png</image>
	<image>clock_skin_1_num_9_1_3.png</image>
	<image>clock_skin_1_num_minus_2.png</image>
	<image>clock_skin_1_num_degree_2.png</image>
	<image>clock_skin_1_percent_2.png</image>
</drawables>