<?xml version="1.0" encoding="utf-8"?>
<drawables>
	<image>clock_skin_1_num_1_1_1.png</image>
	<image>clock_skin_1_num_2_1_1.png</image>
	<image>clock_skin_1_num_3_1_1.png</image>
	<image>clock_skin_1_num_4_1_1.png</image>
	<image>clock_skin_1_num_5_1_1.png</image>
	<image>clock_skin_1_num_6_1_1.png</image>
	<image>clock_skin_1_num_7_1_1.png</image>
	<image>clock_skin_1_num_8_1_1.png</image>
	<image>clock_skin_1_num_9_1_1.png</image>
	<image>clock_skin_1_num_10.png</image>
	<image>clock_skin_1_num_11.png</image>
	<image>clock_skin_1_num_12.png</image>
</drawables>